,CreditScore,Geography,Gender,Age,Balance,Tenure,NumOfProducts,HasCrCard,IsActiveMember,EstimatedSalary,Exited
0,650.0,S0,Female,45.0,136926.04,4.0,1.0,1.0,1.0,76504.38,1
1,665.0,S1,Female,49.0,134818.34,7.0,1.0,1.0,0.0,117393.68,1
2,607.0,S1,Female,29.0,121381.51,2.0,1.0,0.0,0.0,105761.02,1
3,641.0,S0,Male,49.0,62397.41,3.0,1.0,1.0,0.0,75882.65,0
4,688.0,S0,Female,55.0,117746.36,6.0,1.0,0.0,1.0,79416.87,1
5,651.0,S0,Female,49.0,99243.25,4.0,1.0,0.0,0.0,66535.8,1
6,534.0,S2,Female,44.0,97567.2,3.0,2.0,1.0,0.0,137568.14,1
7,631.0,S0,Female,37.0,114516.29,4.0,3.0,0.0,0.0,123461.29,1
8,625.0,S0,Male,62.0,81667.39,5.0,1.0,1.0,0.0,71370.24,1
9,614.0,S0,Male,45.0,135353.59,4.0,1.0,1.0,0.0,88177.85,1
10,504.0,S0,Female,47.0,62397.41,4.0,2.0,1.0,0.0,126194.05,1
11,687.0,S0,Female,48.0,62397.41,6.0,1.0,1.0,0.0,105709.35,0
12,706.0,S2,Female,44.0,62397.41,5.0,1.0,1.0,0.0,69526.07,1
13,634.0,S2,Female,39.0,92492.2,5.0,1.0,1.0,0.0,63478.77,1
14,734.0,S1,Male,43.0,118356.17,6.0,1.0,1.0,0.0,64641.85,1
15,599.0,S2,Female,43.0,62397.41,4.0,1.0,1.0,0.0,140052.21,1
16,560.0,S2,Male,53.0,134734.68,3.0,1.0,1.0,0.0,58375.24,1
17,701.0,S1,Male,46.0,137267.22,4.0,1.0,0.0,1.0,131387.88,1
18,708.0,S0,Female,37.0,131682.52,4.0,1.0,1.0,0.0,59644.85,1
19,614.0,S0,Male,47.0,62397.41,2.0,1.0,1.0,0.0,141012.57,1
20,652.0,S0,Female,51.0,109762.51,5.0,2.0,1.0,1.0,79041.28,1
21,671.0,S2,Female,45.0,158046.53,5.0,1.0,1.0,0.0,99724.09,1
22,686.0,S0,Male,45.0,115692.16,5.0,1.0,1.0,0.0,140227.91,1
23,626.0,S1,Female,44.0,101233.93,4.0,2.0,1.0,1.0,106713.68,1
24,625.0,S1,Female,44.0,127486.34,5.0,2.0,0.0,1.0,94095.56,1
25,676.0,S1,Male,39.0,106650.43,4.0,1.0,0.0,1.0,136937.83,1
26,598.0,S0,Female,44.0,148432.89,3.0,1.0,1.0,0.0,116136.84,1
27,579.0,S1,Female,40.0,124239.25,3.0,1.0,1.0,0.0,85660.88,1
28,637.0,S0,Male,49.0,62397.41,5.0,1.0,0.0,1.0,103078.42,1
29,638.0,S2,Female,40.0,62397.41,5.0,2.0,0.0,0.0,58546.92,1
30,595.0,S2,Male,42.0,62397.41,4.0,1.0,1.0,1.0,63000.09,1
31,452.0,S0,Female,47.0,127106.97,5.0,1.0,1.0,0.0,119949.84,1
32,504.0,S0,Male,47.0,62397.41,5.0,1.0,1.0,0.0,112750.56,1
33,655.0,S1,Male,46.0,146093.02,3.0,1.0,0.0,0.0,108346.98,1
34,646.0,S0,Female,39.0,104068.17,6.0,1.0,1.0,0.0,96524.86,1
35,650.0,S2,Male,55.0,87985.76,5.0,3.0,0.0,0.0,98994.0,1
36,569.0,S1,Female,47.0,118316.31,6.0,1.0,0.0,0.0,98991.5,1
37,638.0,S2,Female,57.0,171015.87,5.0,1.0,0.0,1.0,89030.4,1
38,547.0,S1,Male,42.0,107849.68,3.0,1.0,1.0,1.0,137542.61,1
39,501.0,S0,Female,62.0,62397.41,6.0,1.0,1.0,0.0,85359.29,0
40,550.0,S1,Female,47.0,124261.56,3.0,1.0,1.0,1.0,74953.61,1
41,523.0,S1,Female,39.0,118641.92,6.0,1.0,0.0,1.0,141304.9,1
42,594.0,S1,Female,52.0,128997.08,6.0,1.0,1.0,1.0,126045.86,1
43,673.0,S2,Female,57.0,62397.41,5.0,2.0,1.0,1.0,125852.45,1
44,522.0,S0,Male,54.0,62397.41,4.0,1.0,1.0,0.0,103573.72,1
45,676.0,S2,Female,44.0,134210.12,4.0,3.0,0.0,0.0,136342.5,1
46,566.0,S2,Female,43.0,62397.41,5.0,1.0,0.0,0.0,73835.58,1
47,651.0,S1,Male,45.0,121549.79,3.0,1.0,1.0,1.0,67346.11,1
48,644.0,S0,Female,42.0,147871.81,3.0,2.0,0.0,0.0,114828.66,1
49,568.0,S0,Female,38.0,149071.46,3.0,1.0,1.0,0.0,137422.69,1
50,699.0,S1,Male,45.0,112738.96,5.0,1.0,1.0,0.0,71733.55,1
51,753.0,S2,Female,54.0,123189.17,4.0,1.0,1.0,0.0,85965.79,0
52,699.0,S2,Female,58.0,147298.25,7.0,1.0,1.0,0.0,70876.26,1
53,641.0,S2,Female,32.0,130802.64,5.0,2.0,0.0,0.0,129599.5,1
54,549.0,S1,Male,48.0,119506.66,4.0,1.0,0.0,0.0,96911.48,1
55,595.0,S1,Female,60.0,121822.61,4.0,1.0,0.0,1.0,68038.54,1
56,503.0,S0,Female,54.0,132032.66,4.0,1.0,1.0,1.0,87339.33,1
57,677.0,S1,Male,41.0,132972.96,5.0,1.0,1.0,1.0,105538.42,1
58,663.0,S1,Male,43.0,133546.28,3.0,1.0,1.0,1.0,70796.42,1
59,710.0,S1,Female,42.0,110243.77,7.0,1.0,1.0,0.0,111178.88,1
60,590.0,S1,Female,37.0,118696.39,6.0,1.0,1.0,0.0,133041.85,1
61,580.0,S2,Male,39.0,138712.97,2.0,1.0,1.0,0.0,100978.22,1
62,711.0,S0,Male,42.0,121610.0,3.0,1.0,0.0,1.0,85400.4,1
63,677.0,S2,Male,66.0,62397.41,6.0,1.0,1.0,1.0,141825.37,1
64,645.0,S0,Male,47.0,135219.8,5.0,1.0,1.0,1.0,101102.31,1
65,592.0,S1,Male,40.0,123646.98,5.0,1.0,1.0,1.0,67493.12,1
66,671.0,S1,Female,43.0,120348.72,7.0,1.0,1.0,0.0,76009.34,1
67,562.0,S0,Female,49.0,126372.33,3.0,2.0,1.0,1.0,128435.48,1
68,717.0,S2,Male,49.0,62397.41,2.0,1.0,1.0,1.0,59878.36,1
69,597.0,S1,Male,49.0,128403.08,3.0,1.0,0.0,0.0,58001.48,1
70,613.0,S1,Female,52.0,118676.37,6.0,1.0,1.0,1.0,126662.56,1
71,623.0,S1,Female,39.0,127402.48,5.0,1.0,1.0,1.0,81556.82,1
72,656.0,S2,Male,35.0,122180.11,6.0,1.0,0.0,0.0,64341.89,1
73,609.0,S2,Female,41.0,62397.41,5.0,1.0,1.0,1.0,63004.52,1
74,716.0,S2,Male,48.0,154055.2,6.0,1.0,0.0,0.0,116683.14,1
75,684.0,S0,Male,54.0,62397.41,6.0,1.0,1.0,0.0,92978.73,1
76,669.0,S0,Male,39.0,109943.32,5.0,1.0,0.0,0.0,141431.43,1
77,707.0,S1,Male,39.0,120262.79,6.0,1.0,0.0,0.0,112544.79,1
78,712.0,S2,Female,47.0,103516.59,4.0,1.0,1.0,0.0,127281.65,1
79,753.0,S1,Male,55.0,112010.25,2.0,1.0,1.0,1.0,93041.08,1
80,550.0,S1,Female,37.0,117138.49,4.0,1.0,1.0,1.0,135506.07,1
81,673.0,S1,Male,58.0,120659.99,6.0,2.0,0.0,0.0,124451.6,1
82,598.0,S1,Female,51.0,106817.77,5.0,3.0,0.0,1.0,84773.72,1
83,560.0,S1,Female,53.0,133574.96,5.0,2.0,1.0,1.0,89757.7,0
84,699.0,S2,Female,40.0,122383.46,4.0,3.0,1.0,1.0,77533.15,1
85,591.0,S0,Female,58.0,86030.34,4.0,2.0,0.0,1.0,84384.56,1
86,560.0,S2,Female,51.0,132909.52,3.0,3.0,0.0,0.0,87056.81,1
87,598.0,S1,Female,31.0,113426.45,5.0,1.0,1.0,0.0,87480.7,1
88,591.0,S0,Female,35.0,62397.41,5.0,3.0,1.0,0.0,129947.04,1
89,636.0,S1,Male,49.0,124516.29,4.0,2.0,1.0,0.0,92553.32,1
90,641.0,S1,Male,49.0,116103.14,5.0,1.0,0.0,1.0,124624.49,1
91,677.0,S1,Male,44.0,109165.86,3.0,2.0,1.0,0.0,88048.42,1
92,652.0,S0,Female,44.0,62397.41,7.0,1.0,1.0,1.0,118809.99,1
93,667.0,S0,Male,49.0,142122.6,5.0,1.0,0.0,0.0,92991.26,1
94,626.0,S0,Male,47.0,99262.95,5.0,1.0,1.0,0.0,124287.91,1
95,684.0,S2,Female,43.0,127762.35,5.0,2.0,0.0,0.0,81034.77,1
96,650.0,S2,Male,36.0,129597.49,2.0,1.0,1.0,0.0,81130.85,1
97,646.0,S0,Female,42.0,107448.48,5.0,1.0,1.0,1.0,129562.9,1
98,649.0,S1,Female,37.0,126395.16,4.0,3.0,1.0,1.0,132473.23,0
99,588.0,S1,Male,44.0,113169.08,2.0,1.0,0.0,1.0,60884.58,1
100,569.0,S1,Male,50.0,117084.61,2.0,3.0,1.0,0.0,83622.27,1
101,644.0,S0,Male,52.0,147845.14,6.0,1.0,0.0,0.0,81481.29,1
102,587.0,S1,Male,47.0,114538.49,6.0,1.0,1.0,0.0,77666.78,1
103,714.0,S1,Male,46.0,128850.9,2.0,1.0,1.0,0.0,66419.69,1
104,648.0,S0,Male,49.0,162188.18,7.0,2.0,1.0,0.0,138746.13,1
105,544.0,S2,Female,42.0,62397.41,4.0,1.0,1.0,0.0,108036.39,1
106,600.0,S1,Female,57.0,122068.54,6.0,1.0,0.0,0.0,60155.2,1
107,524.0,S0,Male,31.0,103892.39,5.0,2.0,0.0,0.0,126814.06,1
108,499.0,S1,Male,47.0,114839.03,4.0,2.0,1.0,1.0,135492.41,1
109,624.0,S0,Male,60.0,96792.07,3.0,2.0,1.0,1.0,105313.05,1
110,632.0,S0,Male,49.0,62397.41,5.0,1.0,1.0,0.0,79054.82,1
111,603.0,S0,Female,43.0,62397.41,4.0,2.0,1.0,0.0,78997.26,1
112,668.0,S2,Male,42.0,62397.41,3.0,2.0,1.0,0.0,93194.74,1
113,599.0,S0,Male,51.0,123293.16,4.0,1.0,0.0,0.0,59230.7,1
114,680.0,S1,Female,59.0,110078.37,6.0,2.0,1.0,1.0,124441.2,1
115,718.0,S0,Male,38.0,62397.41,3.0,2.0,1.0,0.0,139858.66,1
116,527.0,S1,Male,47.0,140981.84,5.0,1.0,1.0,0.0,88379.22,1
117,628.0,S1,Female,47.0,119224.14,3.0,1.0,0.0,0.0,80064.48,1
118,658.0,S0,Male,45.0,62397.41,4.0,1.0,0.0,0.0,111197.04,1
119,577.0,S2,Female,48.0,115760.1,6.0,1.0,1.0,0.0,126827.91,1
120,674.0,S1,Male,35.0,140037.98,6.0,2.0,0.0,1.0,100553.86,1
121,641.0,S1,Female,49.0,111217.65,3.0,2.0,0.0,0.0,105658.67,1
122,687.0,S1,Male,47.0,135113.26,7.0,3.0,1.0,0.0,67081.34,1
123,593.0,S2,Female,42.0,94737.79,2.0,1.0,0.0,1.0,83755.0,1
124,653.0,S0,Male,42.0,136806.28,5.0,1.0,1.0,0.0,132068.07,1
125,587.0,S1,Female,45.0,124384.68,3.0,1.0,0.0,0.0,101494.94,1
126,624.0,S1,Male,43.0,128544.22,6.0,4.0,0.0,1.0,60483.14,1
127,737.0,S0,Male,34.0,135911.8,5.0,1.0,1.0,0.0,66822.69,1
128,665.0,S1,Female,52.0,111873.2,7.0,1.0,0.0,0.0,87586.76,1
129,684.0,S0,Male,41.0,62397.41,6.0,1.0,0.0,1.0,137672.13,1
130,622.0,S1,Male,46.0,130573.75,3.0,2.0,0.0,1.0,100588.66,1
131,580.0,S1,Male,40.0,117280.47,3.0,3.0,1.0,0.0,103991.77,1
132,720.0,S1,Female,52.0,146430.56,6.0,1.0,1.0,1.0,84200.91,1
133,578.0,S1,Female,57.0,117125.46,4.0,3.0,0.0,1.0,115242.52,1
134,669.0,S0,Male,48.0,62397.41,3.0,1.0,1.0,0.0,122164.14,1
135,670.0,S1,Female,42.0,115417.13,6.0,1.0,0.0,0.0,118310.29,1
136,618.0,S0,Male,55.0,62397.41,3.0,1.0,1.0,1.0,102636.06,1
137,556.0,S0,Male,63.0,114217.03,6.0,2.0,1.0,1.0,122943.39,1
138,640.0,S1,Female,51.0,117212.93,5.0,1.0,1.0,1.0,117052.59,1
139,713.0,S0,Female,49.0,123731.39,6.0,1.0,1.0,1.0,71886.73,1
140,566.0,S1,Female,68.0,120141.36,6.0,2.0,1.0,1.0,85867.85,1
141,553.0,S0,Male,51.0,62397.41,4.0,2.0,1.0,1.0,71044.31,1
142,687.0,S1,Male,57.0,116973.22,5.0,1.0,1.0,1.0,139140.51,1
143,639.0,S2,Female,52.0,62397.41,6.0,1.0,1.0,1.0,74055.53,1
144,571.0,S1,Male,48.0,103757.54,4.0,1.0,1.0,0.0,105332.91,1
145,644.0,S2,Male,46.0,126295.39,6.0,1.0,0.0,1.0,60070.13,1
146,660.0,S1,Female,52.0,118196.39,3.0,1.0,1.0,0.0,94227.71,0
147,561.0,S0,Male,57.0,62397.41,6.0,2.0,0.0,0.0,101615.46,1
148,673.0,S0,Female,42.0,62397.41,7.0,2.0,1.0,1.0,81405.8,1
149,730.0,S1,Female,36.0,115703.66,5.0,1.0,0.0,0.0,137377.28,1
150,468.0,S2,Female,53.0,128719.02,3.0,1.0,1.0,1.0,84075.89,1
151,647.0,S1,Male,38.0,132574.49,4.0,1.0,1.0,1.0,107748.35,1
152,629.0,S2,Female,46.0,103185.93,5.0,1.0,1.0,1.0,118920.51,1
153,639.0,S0,Female,47.0,134265.11,6.0,1.0,1.0,1.0,106566.01,1
154,679.0,S2,Female,45.0,62397.41,5.0,2.0,1.0,0.0,82271.82,1
155,633.0,S0,Female,44.0,62397.41,5.0,1.0,0.0,0.0,73044.21,1
156,690.0,S1,Male,57.0,120857.49,5.0,1.0,1.0,1.0,138532.62,1
157,630.0,S2,Male,38.0,62397.41,3.0,1.0,0.0,1.0,96248.64,1
158,663.0,S2,Female,47.0,62397.41,3.0,1.0,1.0,0.0,135171.18,1
159,541.0,S2,Female,48.0,144706.85,3.0,1.0,1.0,1.0,127667.84,1
160,543.0,S0,Male,50.0,109550.75,3.0,2.0,1.0,1.0,113795.2,1
161,664.0,S1,Female,49.0,141230.46,3.0,2.0,1.0,1.0,99778.53,1
162,556.0,S0,Female,42.0,62397.41,3.0,1.0,1.0,0.0,119709.01,1
163,523.0,S0,Male,44.0,143225.79,5.0,1.0,0.0,1.0,129587.94,1
164,633.0,S0,Female,51.0,62397.41,7.0,4.0,1.0,0.0,133677.37,1
165,704.0,S2,Female,55.0,62397.41,3.0,1.0,1.0,1.0,68232.73,1
166,671.0,S2,Female,50.0,118118.68,3.0,2.0,1.0,1.0,110423.73,1
167,691.0,S1,Male,49.0,117695.67,6.0,1.0,0.0,1.0,115148.97,1
168,646.0,S1,Female,39.0,133675.33,2.0,1.0,1.0,0.0,85053.19,1
169,653.0,S1,Female,36.0,102072.82,4.0,1.0,1.0,0.0,109404.82,1
170,631.0,S2,Female,47.0,110608.98,6.0,1.0,1.0,0.0,93536.13,1
171,579.0,S0,Male,54.0,110850.26,6.0,1.0,0.0,0.0,79623.83,1
172,612.0,S0,Male,59.0,62397.41,5.0,1.0,0.0,0.0,70959.74,1
173,639.0,S2,Male,47.0,101362.89,5.0,3.0,0.0,0.0,81876.88,1
174,615.0,S0,Male,46.0,131575.65,4.0,1.0,1.0,0.0,112934.19,1
175,688.0,S1,Female,35.0,118222.71,3.0,1.0,1.0,0.0,88647.72,1
176,585.0,S1,Female,66.0,132899.91,5.0,1.0,1.0,1.0,139568.76,1
177,569.0,S0,Male,45.0,132542.05,3.0,1.0,1.0,0.0,75970.27,1
178,724.0,S0,Female,38.0,158959.8,6.0,1.0,1.0,1.0,80576.39,1
179,525.0,S0,Male,49.0,123613.54,5.0,1.0,0.0,1.0,59986.28,1
180,645.0,S1,Female,47.0,128537.47,4.0,1.0,0.0,1.0,130311.4,1
181,717.0,S0,Female,39.0,62397.41,4.0,1.0,1.0,1.0,118869.98,1
182,547.0,S0,Male,42.0,118805.24,4.0,1.0,1.0,0.0,64619.25,1
183,555.0,S0,Male,49.0,62397.41,3.0,1.0,1.0,0.0,66571.41,1
184,531.0,S0,Female,49.0,114615.51,6.0,2.0,1.0,1.0,103240.77,0
185,622.0,S1,Male,51.0,125899.64,4.0,1.0,0.0,1.0,64876.66,1
186,725.0,S1,Male,51.0,127748.14,6.0,1.0,1.0,0.0,84277.76,1
187,524.0,S1,Female,32.0,110484.7,3.0,2.0,0.0,0.0,126638.52,1
188,641.0,S0,Male,46.0,158007.17,6.0,1.0,1.0,0.0,98942.48,1
189,652.0,S0,Female,39.0,62397.41,3.0,3.0,0.0,1.0,87349.91,1
190,682.0,S2,Male,51.0,62397.41,6.0,1.0,0.0,0.0,128328.38,1
191,557.0,S1,Female,37.0,121229.04,5.0,1.0,1.0,0.0,107864.15,1
192,591.0,S1,Female,49.0,141356.79,5.0,2.0,1.0,1.0,85336.48,0
193,680.0,S0,Female,42.0,124575.86,7.0,2.0,1.0,0.0,130309.55,1
194,736.0,S1,Female,53.0,125200.7,4.0,1.0,0.0,1.0,113281.5,1
195,564.0,S1,Female,40.0,126501.54,6.0,2.0,1.0,0.0,57716.38,1
196,598.0,S2,Female,37.0,122393.73,3.0,1.0,1.0,1.0,135146.59,1
197,627.0,S1,Male,46.0,132823.37,6.0,1.0,1.0,0.0,62318.99,1
198,709.0,S0,Female,36.0,85712.45,4.0,3.0,1.0,0.0,111870.89,1
199,625.0,S1,Female,44.0,117727.81,3.0,1.0,1.0,0.0,125395.2,0
200,650.0,S1,Female,56.0,144045.35,5.0,1.0,0.0,0.0,61434.94,1
201,597.0,S0,Male,30.0,168162.66,4.0,2.0,0.0,1.0,141337.17,1
202,670.0,S0,Female,42.0,122001.84,5.0,1.0,1.0,1.0,59932.02,1
203,669.0,S1,Male,54.0,131750.51,4.0,2.0,0.0,1.0,79315.08,1
204,675.0,S2,Male,37.0,62397.41,3.0,3.0,1.0,0.0,127466.11,1
205,513.0,S2,Female,45.0,127552.56,5.0,2.0,1.0,1.0,133004.03,1
206,725.0,S0,Male,48.0,121716.19,5.0,3.0,1.0,0.0,126614.49,1
207,446.0,S0,Male,52.0,62397.41,7.0,1.0,1.0,1.0,110972.15,1
208,546.0,S1,Male,44.0,123918.2,5.0,1.0,0.0,1.0,73423.13,1
209,603.0,S1,Male,62.0,125880.08,7.0,3.0,0.0,0.0,60857.11,1
210,546.0,S0,Female,44.0,135351.03,6.0,1.0,1.0,0.0,85076.24,1
211,611.0,S2,Female,47.0,88950.73,5.0,1.0,1.0,1.0,105375.06,1
212,715.0,S0,Male,42.0,62397.41,4.0,1.0,1.0,0.0,109298.31,1
213,642.0,S0,Female,49.0,93155.25,6.0,1.0,1.0,0.0,82230.21,0
214,517.0,S0,Male,44.0,108432.27,4.0,1.0,1.0,0.0,117508.91,1
215,652.0,S1,Female,42.0,109426.33,3.0,3.0,0.0,0.0,61823.9,1
216,604.0,S0,Male,51.0,62397.41,5.0,1.0,1.0,0.0,97268.92,1
217,583.0,S2,Male,55.0,140135.6,4.0,1.0,0.0,1.0,106570.16,1
218,642.0,S2,Female,62.0,62397.41,3.0,1.0,1.0,1.0,132992.42,1
219,581.0,S0,Female,36.0,139316.48,4.0,1.0,1.0,1.0,113325.67,1
220,739.0,S2,Male,49.0,117622.33,3.0,2.0,1.0,0.0,93038.65,1
221,753.0,S2,Male,47.0,107188.92,5.0,1.0,1.0,0.0,101802.82,1
222,582.0,S1,Female,62.0,118476.86,6.0,1.0,0.0,1.0,137927.45,0
223,567.0,S1,Male,51.0,103254.38,4.0,3.0,0.0,1.0,133031.23,1
224,660.0,S1,Male,55.0,118897.94,3.0,2.0,0.0,0.0,97444.49,1
225,612.0,S0,Male,42.0,116452.32,2.0,1.0,1.0,0.0,87755.55,0
226,617.0,S2,Female,55.0,62397.41,5.0,3.0,1.0,0.0,94006.99,1
227,751.0,S0,Male,52.0,111434.68,5.0,1.0,0.0,0.0,118772.33,1
228,561.0,S0,Female,47.0,142121.54,5.0,1.0,1.0,0.0,108877.34,1
229,628.0,S1,Male,47.0,109622.59,4.0,1.0,1.0,0.0,73057.61,1
230,645.0,S1,Male,49.0,116127.13,5.0,1.0,1.0,1.0,58400.48,1
231,674.0,S2,Female,38.0,62397.41,7.0,1.0,1.0,0.0,115346.38,1
232,643.0,S2,Female,39.0,128203.32,5.0,4.0,1.0,1.0,69513.9,1
233,701.0,S1,Female,47.0,111478.52,5.0,1.0,1.0,0.0,111613.04,0
234,601.0,S1,Female,53.0,111788.07,5.0,1.0,0.0,1.0,76651.23,1
235,527.0,S0,Male,47.0,150506.05,6.0,1.0,1.0,0.0,85344.41,1
236,640.0,S1,Female,57.0,139102.61,6.0,2.0,1.0,1.0,137719.45,0
237,580.0,S1,Male,48.0,138209.18,6.0,1.0,0.0,0.0,84926.48,1
238,667.0,S1,Female,48.0,122976.87,7.0,1.0,1.0,0.0,128289.99,1
239,673.0,S2,Male,61.0,85393.1,4.0,2.0,1.0,0.0,91344.32,1
240,617.0,S0,Male,48.0,128071.23,3.0,1.0,1.0,1.0,125969.81,1
241,621.0,S0,Female,34.0,126465.58,6.0,1.0,1.0,1.0,122482.03,1
242,653.0,S2,Female,48.0,140644.22,6.0,1.0,1.0,0.0,68685.02,0
243,653.0,S2,Male,41.0,107517.64,2.0,1.0,1.0,0.0,132876.86,1
244,533.0,S1,Female,64.0,110164.79,3.0,1.0,0.0,1.0,106998.77,1
245,722.0,S0,Female,44.0,111534.54,5.0,1.0,1.0,0.0,99423.45,1
246,668.0,S0,Female,42.0,127244.87,3.0,2.0,1.0,1.0,63624.17,1
247,588.0,S1,Female,44.0,117759.85,4.0,1.0,1.0,1.0,138983.5,1
248,569.0,S1,Female,45.0,127086.67,7.0,1.0,1.0,0.0,84321.44,1
249,650.0,S2,Male,44.0,110171.81,4.0,1.0,1.0,1.0,107145.51,1
250,611.0,S0,Male,47.0,121186.25,4.0,1.0,1.0,0.0,59673.29,1
251,576.0,S0,Male,46.0,62397.41,4.0,4.0,0.0,0.0,65386.43,1
252,498.0,S1,Male,55.0,117352.1,6.0,2.0,1.0,0.0,98474.24,1
253,643.0,S1,Male,47.0,112439.14,5.0,1.0,1.0,1.0,103770.54,1
254,725.0,S1,Female,47.0,120994.4,6.0,1.0,1.0,0.0,137994.09,1
255,567.0,S1,Male,44.0,138387.3,4.0,1.0,1.0,0.0,131989.88,1
256,657.0,S1,Female,42.0,111762.54,6.0,2.0,1.0,0.0,134988.65,1
257,641.0,S1,Male,55.0,118183.72,6.0,1.0,1.0,0.0,114614.24,1
258,619.0,S0,Female,50.0,146816.73,5.0,1.0,0.0,0.0,117080.26,0
259,598.0,S0,Male,61.0,62397.41,3.0,2.0,1.0,0.0,140630.88,1
260,639.0,S1,Female,42.0,118645.04,4.0,1.0,1.0,1.0,104402.38,1
261,677.0,S1,Male,42.0,113257.19,6.0,1.0,1.0,1.0,72195.95,1
262,664.0,S1,Female,39.0,121084.73,5.0,1.0,0.0,0.0,138516.82,1
263,607.0,S2,Male,40.0,62397.41,3.0,1.0,1.0,1.0,92887.75,1
264,505.0,S2,Female,47.0,125319.7,7.0,1.0,1.0,1.0,112007.52,1
265,634.0,S2,Female,44.0,118749.5,5.0,1.0,1.0,0.0,64967.5,0
266,693.0,S1,Female,42.0,121360.77,3.0,1.0,1.0,0.0,109356.71,1
267,665.0,S0,Male,44.0,62397.41,3.0,2.0,1.0,0.0,63503.32,1
268,633.0,S1,Female,38.0,128206.61,5.0,1.0,1.0,0.0,61443.45,1
269,636.0,S1,Female,43.0,130317.27,5.0,1.0,1.0,0.0,131304.66,1
270,736.0,S2,Female,48.0,103398.5,4.0,1.0,1.0,1.0,69570.27,1
271,598.0,S1,Male,42.0,113405.63,3.0,1.0,1.0,1.0,89787.63,1
272,566.0,S1,Female,42.0,120073.67,6.0,1.0,1.0,0.0,115316.84,1
273,601.0,S0,Male,52.0,156297.35,6.0,1.0,1.0,0.0,97341.55,1
274,556.0,S1,Male,36.0,130631.11,4.0,1.0,0.0,0.0,105444.98,1
275,753.0,S2,Female,47.0,149895.5,5.0,4.0,1.0,0.0,59925.7,1
276,636.0,S0,Male,51.0,62397.41,3.0,3.0,1.0,1.0,139022.37,1
277,634.0,S2,Female,31.0,62397.41,5.0,3.0,0.0,1.0,129065.36,1
278,447.0,S1,Female,56.0,144396.05,4.0,1.0,1.0,0.0,129579.26,1
279,669.0,S0,Female,38.0,121249.75,3.0,1.0,0.0,0.0,121055.75,1
280,653.0,S2,Female,47.0,62397.41,5.0,3.0,1.0,0.0,123729.99,1
281,551.0,S0,Male,42.0,118006.5,5.0,1.0,0.0,1.0,115511.1,1
282,667.0,S2,Male,60.0,128278.41,4.0,2.0,1.0,0.0,108221.3,1
283,753.0,S1,Female,40.0,103074.32,3.0,1.0,0.0,0.0,62886.99,1
284,577.0,S0,Male,44.0,62397.41,4.0,1.0,1.0,0.0,93822.13,1
285,750.0,S0,Female,44.0,62397.41,5.0,3.0,1.0,0.0,58978.8,1
286,703.0,S2,Female,45.0,62397.41,4.0,1.0,0.0,0.0,126019.65,1
287,546.0,S1,Female,50.0,148645.5,5.0,1.0,1.0,0.0,111142.11,0
288,690.0,S0,Male,45.0,102713.75,4.0,1.0,1.0,0.0,106476.56,1
289,688.0,S1,Female,47.0,122528.48,2.0,1.0,1.0,1.0,72074.33,1
290,592.0,S1,Female,40.0,114196.46,3.0,1.0,1.0,0.0,133931.45,1
291,509.0,S1,Female,44.0,118450.46,3.0,1.0,1.0,1.0,108656.79,1
292,753.0,S2,Male,66.0,97382.98,7.0,1.0,1.0,0.0,99106.2,1
293,655.0,S1,Female,42.0,124252.13,5.0,1.0,1.0,1.0,99220.5,1
294,638.0,S2,Female,44.0,107808.39,4.0,1.0,1.0,0.0,89756.0,1
295,687.0,S2,Female,49.0,121809.49,5.0,2.0,0.0,0.0,136745.23,1
296,530.0,S1,Female,48.0,130284.9,4.0,2.0,1.0,1.0,76313.99,1
297,591.0,S0,Female,46.0,129022.19,6.0,1.0,1.0,0.0,86001.34,1
298,629.0,S0,Female,54.0,123028.68,6.0,1.0,0.0,0.0,60034.07,1
299,525.0,S0,Female,39.0,167022.98,3.0,1.0,0.0,0.0,79088.33,1
300,663.0,S2,Female,32.0,62397.41,3.0,1.0,1.0,0.0,72641.57,1
301,671.0,S0,Female,52.0,95555.24,5.0,2.0,1.0,0.0,63723.22,1
302,753.0,S0,Male,39.0,62397.41,7.0,1.0,1.0,0.0,59582.61,1
303,661.0,S0,Female,38.0,118148.22,6.0,2.0,1.0,1.0,126275.75,1
304,618.0,S2,Female,43.0,130492.27,5.0,1.0,1.0,0.0,117369.14,1
305,601.0,S2,Female,45.0,108441.85,6.0,1.0,0.0,0.0,118981.03,1
306,620.0,S1,Male,49.0,116300.91,3.0,1.0,1.0,1.0,101578.2,1
307,558.0,S0,Male,46.0,62397.41,6.0,2.0,0.0,0.0,138480.6,1
308,565.0,S0,Female,34.0,62397.41,5.0,1.0,1.0,0.0,100086.31,1
309,685.0,S1,Female,41.0,117204.05,4.0,1.0,0.0,0.0,97687.8,1
310,560.0,S0,Female,50.0,62397.41,4.0,1.0,0.0,0.0,83780.95,1
311,626.0,S1,Male,40.0,143614.32,5.0,3.0,1.0,1.0,84620.09,0
312,612.0,S2,Female,44.0,62397.41,5.0,2.0,0.0,1.0,113291.7,1
313,646.0,S1,Female,34.0,116854.26,3.0,1.0,0.0,0.0,83106.01,1
314,661.0,S1,Female,44.0,137070.35,4.0,1.0,1.0,0.0,138163.27,1
315,525.0,S2,Male,49.0,104258.11,2.0,2.0,0.0,1.0,76272.97,1
316,696.0,S1,Female,49.0,110408.07,6.0,1.0,1.0,0.0,88655.59,0
317,605.0,S0,Male,49.0,116688.71,3.0,3.0,1.0,1.0,135910.63,1
318,628.0,S0,Female,45.0,150434.1,4.0,2.0,0.0,0.0,86034.33,1
319,555.0,S0,Male,43.0,62397.41,4.0,2.0,1.0,0.0,128543.23,1
320,625.0,S1,Male,44.0,114872.42,5.0,3.0,1.0,0.0,64902.66,0
321,628.0,S1,Male,42.0,120956.21,4.0,1.0,1.0,1.0,121038.28,1
322,665.0,S1,Male,63.0,124357.2,3.0,2.0,1.0,1.0,94269.17,1
323,601.0,S0,Female,43.0,139859.95,5.0,2.0,1.0,0.0,132550.24,1
324,615.0,S0,Male,42.0,133302.56,5.0,1.0,1.0,0.0,79946.83,1
325,553.0,S2,Female,38.0,62397.41,5.0,1.0,1.0,1.0,113962.22,1
326,656.0,S1,Female,44.0,128088.86,6.0,1.0,1.0,0.0,82733.22,1
327,541.0,S1,Female,46.0,113847.08,5.0,1.0,1.0,0.0,140229.61,1
328,662.0,S0,Male,34.0,90914.59,5.0,2.0,1.0,1.0,100189.04,1
329,642.0,S0,Female,37.0,91312.45,3.0,1.0,1.0,1.0,134792.73,1
330,660.0,S0,Male,56.0,130915.62,5.0,2.0,1.0,1.0,88339.0,1
331,642.0,S0,Female,54.0,110400.01,3.0,1.0,1.0,1.0,84372.7,0
332,653.0,S2,Female,40.0,62397.41,5.0,1.0,1.0,0.0,68345.66,1
333,595.0,S2,Male,42.0,62397.41,2.0,1.0,1.0,0.0,85550.86,1
334,666.0,S0,Female,47.0,114728.15,4.0,1.0,0.0,1.0,131452.93,0
335,692.0,S0,Female,42.0,62397.41,5.0,1.0,1.0,1.0,107626.2,1
336,629.0,S2,Female,50.0,62397.41,7.0,2.0,1.0,1.0,125421.81,1
337,647.0,S0,Female,50.0,165186.15,4.0,1.0,0.0,1.0,57831.06,1
338,595.0,S2,Male,34.0,62397.41,7.0,3.0,0.0,0.0,97715.53,1
339,628.0,S2,Female,34.0,117663.2,6.0,1.0,1.0,1.0,115547.02,1
340,664.0,S0,Female,40.0,62397.41,5.0,1.0,1.0,0.0,114441.96,1
341,594.0,S2,Female,43.0,62397.41,4.0,3.0,1.0,0.0,117194.18,1
342,663.0,S1,Male,34.0,136282.9,5.0,1.0,1.0,0.0,84868.93,1
343,695.0,S1,Female,43.0,113018.96,4.0,3.0,1.0,1.0,88702.99,1
344,615.0,S0,Male,46.0,163771.38,6.0,1.0,1.0,0.0,114029.77,1
345,636.0,S0,Male,36.0,124314.7,5.0,1.0,1.0,1.0,81720.9,1
346,617.0,S1,Male,51.0,123829.98,4.0,1.0,0.0,1.0,63557.43,1
347,753.0,S2,Male,54.0,116772.41,5.0,2.0,0.0,0.0,67753.0,1
348,454.0,S2,Female,35.0,135827.58,5.0,3.0,1.0,0.0,100262.5,1
349,718.0,S2,Male,52.0,62397.41,3.0,1.0,1.0,0.0,125119.34,1
350,565.0,S1,Male,49.0,113110.76,3.0,1.0,0.0,0.0,71668.88,1
351,663.0,S0,Male,38.0,126623.2,5.0,4.0,0.0,0.0,135885.16,1
352,685.0,S1,Male,44.0,119854.89,4.0,2.0,1.0,0.0,112463.3,1
353,603.0,S0,Female,52.0,115050.99,6.0,1.0,1.0,1.0,127859.86,1
354,666.0,S0,Female,41.0,62397.41,5.0,1.0,0.0,1.0,75396.8,1
355,606.0,S1,Female,65.0,105640.86,5.0,3.0,0.0,0.0,139402.14,1
356,753.0,S1,Female,62.0,126289.19,2.0,1.0,0.0,1.0,108043.24,1
357,636.0,S2,Female,45.0,62397.41,5.0,3.0,1.0,1.0,137818.84,1
358,466.0,S2,Male,41.0,62397.41,2.0,1.0,1.0,1.0,133793.26,1
359,644.0,S0,Female,46.0,146870.52,5.0,1.0,1.0,1.0,119965.36,1
360,558.0,S2,Female,52.0,62397.41,5.0,1.0,0.0,1.0,139984.57,1
361,706.0,S0,Female,45.0,131647.51,4.0,1.0,0.0,0.0,142194.67,0
362,666.0,S0,Male,52.0,115350.03,7.0,1.0,1.0,0.0,57569.44,1
363,619.0,S1,Male,49.0,125759.26,5.0,1.0,1.0,0.0,84853.75,1
364,751.0,S1,Female,44.0,113433.94,4.0,4.0,1.0,0.0,64325.29,1
365,626.0,S0,Female,43.0,62397.41,6.0,1.0,1.0,0.0,59106.45,0
366,574.0,S2,Male,42.0,135714.96,4.0,1.0,1.0,0.0,81440.49,1
367,569.0,S0,Male,52.0,62397.41,3.0,1.0,0.0,0.0,84530.42,1
368,690.0,S1,Male,47.0,122635.93,3.0,1.0,0.0,0.0,88893.27,1
369,631.0,S0,Male,47.0,62397.41,3.0,3.0,1.0,0.0,101076.16,1
370,709.0,S0,Male,66.0,62397.41,4.0,2.0,1.0,1.0,119924.2,1
371,674.0,S0,Male,48.0,62397.41,5.0,1.0,1.0,1.0,97417.15,1
372,587.0,S1,Male,45.0,134967.06,2.0,1.0,1.0,1.0,67074.82,1
373,742.0,S2,Male,38.0,62397.41,5.0,1.0,1.0,1.0,76347.44,1
374,550.0,S2,Female,49.0,141455.58,5.0,2.0,0.0,0.0,120086.94,1
375,720.0,S0,Female,48.0,62397.41,6.0,1.0,0.0,0.0,126625.19,0
376,592.0,S0,Male,47.0,140004.91,6.0,1.0,1.0,0.0,78471.98,1
377,608.0,S1,Female,43.0,125724.56,6.0,1.0,1.0,1.0,111917.65,1
378,544.0,S0,Female,48.0,62397.41,3.0,1.0,1.0,0.0,87784.72,1
379,711.0,S2,Male,52.0,62397.41,4.0,1.0,1.0,1.0,79931.64,1
380,477.0,S1,Male,49.0,126801.62,6.0,1.0,1.0,0.0,132184.32,1
381,668.0,S2,Male,45.0,151673.96,4.0,3.0,0.0,1.0,64481.44,1
382,615.0,S1,Female,40.0,105695.77,5.0,2.0,1.0,0.0,126953.37,1
383,649.0,S1,Female,47.0,108192.88,4.0,2.0,0.0,0.0,67802.04,1
384,551.0,S2,Female,50.0,104083.8,4.0,2.0,0.0,0.0,84032.71,1
385,665.0,S2,Male,56.0,62397.41,5.0,1.0,1.0,0.0,65139.28,1
386,633.0,S1,Female,42.0,117112.65,4.0,1.0,1.0,0.0,91315.34,1
387,573.0,S0,Female,43.0,87313.03,5.0,1.0,1.0,0.0,106496.12,1
388,639.0,S1,Male,60.0,114904.61,5.0,1.0,1.0,1.0,68208.41,1
389,607.0,S2,Male,39.0,97317.86,5.0,1.0,1.0,0.0,61329.53,1
390,660.0,S2,Female,51.0,62397.41,3.0,4.0,1.0,0.0,95143.93,1
391,634.0,S1,Male,44.0,112238.91,5.0,1.0,0.0,1.0,108215.01,1
392,696.0,S1,Female,46.0,128456.79,5.0,2.0,1.0,1.0,59003.0,1
393,620.0,S1,Male,57.0,126800.24,3.0,2.0,1.0,0.0,120238.57,1
394,633.0,S1,Male,39.0,121719.35,5.0,1.0,1.0,0.0,79280.15,1
395,600.0,S1,Male,46.0,129434.91,6.0,1.0,1.0,0.0,132874.73,1
396,628.0,S2,Female,51.0,134091.68,5.0,2.0,1.0,1.0,117933.03,1
397,707.0,S2,Male,49.0,151934.39,4.0,2.0,0.0,0.0,78830.71,1
398,583.0,S2,Male,48.0,95202.21,4.0,1.0,0.0,1.0,138231.96,1
399,653.0,S0,Female,40.0,112450.8,4.0,1.0,1.0,1.0,58244.95,1
400,628.0,S2,Male,37.0,62397.41,3.0,1.0,1.0,1.0,130088.95,1
401,720.0,S2,Male,55.0,109758.68,5.0,1.0,0.0,0.0,108992.74,1
402,587.0,S1,Female,43.0,121621.31,5.0,3.0,0.0,0.0,59994.4,1
403,616.0,S0,Female,47.0,62397.41,5.0,2.0,1.0,0.0,92765.97,1
404,593.0,S0,Male,46.0,103147.22,5.0,2.0,1.0,1.0,135104.54,1
405,598.0,S2,Female,48.0,62397.41,4.0,2.0,1.0,0.0,82441.32,1
406,537.0,S1,Male,45.0,138813.71,4.0,1.0,1.0,1.0,80222.81,1
407,647.0,S1,Male,35.0,134766.86,2.0,2.0,1.0,0.0,61236.92,1
408,619.0,S2,Male,37.0,131031.71,4.0,1.0,1.0,0.0,92418.97,1
409,749.0,S2,Male,55.0,112421.79,5.0,1.0,0.0,1.0,124314.79,1
410,753.0,S1,Male,42.0,123970.04,6.0,1.0,0.0,1.0,142355.11,1
411,498.0,S1,Male,66.0,122457.44,6.0,1.0,1.0,0.0,110982.81,0
412,733.0,S1,Female,48.0,107173.65,2.0,1.0,0.0,1.0,94878.38,1
413,613.0,S1,Male,45.0,120582.4,6.0,1.0,0.0,0.0,88171.85,1
414,753.0,S0,Female,40.0,127006.85,3.0,4.0,1.0,0.0,89583.64,1
415,626.0,S0,Male,47.0,62397.41,5.0,1.0,1.0,0.0,118062.61,1
416,699.0,S1,Male,55.0,112789.28,7.0,3.0,1.0,1.0,90290.35,1
417,660.0,S2,Male,47.0,145051.69,5.0,1.0,1.0,0.0,117831.72,1
418,576.0,S0,Female,34.0,130569.59,6.0,1.0,1.0,0.0,122551.85,1
419,549.0,S1,Male,36.0,125706.73,6.0,2.0,1.0,0.0,125620.34,1
420,646.0,S2,Female,44.0,102121.47,6.0,1.0,1.0,0.0,118177.52,1
421,705.0,S1,Female,52.0,134738.18,6.0,1.0,0.0,1.0,77346.78,1
422,576.0,S0,Male,55.0,139175.24,5.0,2.0,1.0,0.0,114091.89,1
423,637.0,S1,Male,42.0,117638.03,5.0,2.0,1.0,0.0,106389.77,1
424,612.0,S1,Male,43.0,142559.69,6.0,1.0,1.0,0.0,91751.77,1
425,679.0,S2,Female,35.0,62397.41,2.0,2.0,1.0,1.0,70757.32,1
426,653.0,S1,Female,44.0,139802.59,3.0,1.0,1.0,0.0,124815.33,0
427,587.0,S1,Female,41.0,135470.17,5.0,2.0,1.0,1.0,129724.34,1
428,560.0,S0,Female,40.0,62397.41,6.0,1.0,1.0,0.0,130521.79,1
429,560.0,S0,Male,42.0,122344.56,3.0,1.0,0.0,0.0,140741.89,1
430,596.0,S0,Female,53.0,62397.41,5.0,2.0,1.0,0.0,75093.5,1
431,733.0,S1,Male,47.0,113265.19,6.0,1.0,0.0,0.0,94992.78,1
432,695.0,S2,Male,42.0,122312.68,5.0,1.0,1.0,0.0,129639.67,1
433,619.0,S0,Female,44.0,132574.16,6.0,1.0,1.0,0.0,97325.93,1
434,642.0,S0,Male,33.0,141733.27,3.0,1.0,0.0,0.0,73467.32,1
435,640.0,S2,Female,49.0,62397.41,5.0,1.0,0.0,0.0,128317.15,1
436,570.0,S0,Male,50.0,62397.41,4.0,1.0,1.0,1.0,138362.86,1
437,555.0,S0,Female,41.0,141280.86,3.0,1.0,1.0,1.0,121205.91,1
438,594.0,S2,Female,34.0,116584.87,5.0,1.0,0.0,1.0,126554.45,1
439,607.0,S0,Female,60.0,125963.86,3.0,1.0,0.0,1.0,120200.47,0
440,547.0,S0,Male,49.0,127428.76,5.0,1.0,0.0,1.0,120374.76,1
441,645.0,S0,Male,28.0,62397.41,5.0,2.0,1.0,1.0,81203.32,1
442,622.0,S1,Female,43.0,117532.66,4.0,1.0,1.0,1.0,95069.32,1
443,646.0,S0,Female,44.0,136684.55,3.0,1.0,1.0,0.0,97953.89,1
444,573.0,S1,Male,42.0,135284.87,6.0,2.0,1.0,0.0,96147.03,1
445,671.0,S0,Male,41.0,136814.43,3.0,1.0,1.0,0.0,133618.21,1
446,679.0,S1,Female,39.0,127921.28,5.0,1.0,1.0,0.0,63950.13,1
447,606.0,S0,Male,40.0,62397.41,7.0,1.0,1.0,1.0,67542.63,1
448,523.0,S0,Male,43.0,62397.41,5.0,1.0,1.0,1.0,81733.0,1
449,603.0,S0,Male,49.0,109430.76,4.0,2.0,0.0,1.0,116026.38,1
450,676.0,S0,Male,37.0,62397.41,5.0,1.0,1.0,0.0,114823.82,1
451,658.0,S2,Male,60.0,135880.1,3.0,1.0,1.0,1.0,111339.65,1
452,664.0,S1,Female,48.0,120457.66,4.0,1.0,0.0,0.0,90036.5,1
453,549.0,S0,Female,47.0,115435.4,6.0,2.0,1.0,1.0,88708.19,0
454,564.0,S0,Female,45.0,62397.41,3.0,1.0,1.0,1.0,133247.7,1
455,607.0,S1,Female,51.0,113282.89,5.0,2.0,1.0,0.0,62824.94,0
456,660.0,S1,Male,38.0,124673.61,3.0,3.0,1.0,1.0,111660.4,1
457,653.0,S2,Female,43.0,62397.41,3.0,3.0,0.0,0.0,137451.08,1
458,657.0,S1,Male,47.0,120974.6,3.0,2.0,0.0,0.0,67348.07,1
459,713.0,S2,Female,54.0,62397.41,3.0,2.0,1.0,0.0,76683.36,1
460,696.0,S2,Female,55.0,121350.32,6.0,4.0,1.0,0.0,97531.77,1
461,753.0,S0,Male,44.0,62397.41,5.0,1.0,1.0,0.0,115713.91,1
462,626.0,S1,Female,47.0,138212.2,3.0,1.0,0.0,1.0,58502.77,1
463,581.0,S1,Female,56.0,105907.51,5.0,1.0,0.0,1.0,101556.21,0
464,651.0,S1,Male,42.0,126136.65,3.0,2.0,1.0,1.0,70260.59,1
465,696.0,S1,Female,32.0,124087.01,5.0,1.0,1.0,0.0,101046.63,1
466,603.0,S1,Male,49.0,128944.44,4.0,1.0,0.0,0.0,72850.45,1
467,734.0,S0,Female,43.0,129295.94,6.0,1.0,1.0,0.0,69007.58,1
468,634.0,S0,Female,49.0,62397.41,6.0,2.0,1.0,1.0,93730.79,1
469,615.0,S0,Female,41.0,62397.41,4.0,2.0,1.0,0.0,75060.97,1
470,673.0,S0,Male,47.0,105673.06,4.0,1.0,1.0,0.0,134045.68,1
471,658.0,S0,Male,52.0,132652.42,5.0,1.0,1.0,0.0,69177.06,1
472,554.0,S2,Male,50.0,62397.41,3.0,1.0,1.0,0.0,106178.2,1
473,678.0,S0,Female,57.0,62397.41,4.0,1.0,1.0,1.0,126921.52,1
474,624.0,S0,Male,39.0,140088.35,5.0,1.0,1.0,0.0,68445.01,1
475,670.0,S0,Female,44.0,90651.41,6.0,2.0,0.0,0.0,97019.9,1
476,612.0,S1,Female,33.0,133680.17,6.0,1.0,1.0,1.0,88894.97,1
477,636.0,S0,Female,47.0,74210.35,6.0,1.0,0.0,1.0,129681.35,1
478,555.0,S2,Female,36.0,76347.77,3.0,1.0,1.0,0.0,98925.66,1
479,495.0,S1,Male,50.0,131312.52,4.0,1.0,1.0,0.0,119763.4,1
480,703.0,S0,Female,34.0,88088.82,5.0,1.0,1.0,1.0,87449.18,1
481,746.0,S1,Male,49.0,131209.95,3.0,1.0,1.0,1.0,128968.73,1
482,701.0,S1,Male,49.0,127379.53,6.0,1.0,1.0,0.0,129712.56,1
483,674.0,S1,Male,64.0,131016.4,4.0,1.0,0.0,0.0,132033.75,0
484,666.0,S0,Female,46.0,62397.41,6.0,2.0,0.0,0.0,128905.43,1
485,611.0,S1,Female,44.0,108872.31,5.0,1.0,1.0,0.0,73775.99,0
486,599.0,S2,Female,35.0,126145.03,4.0,2.0,1.0,0.0,83365.74,1
487,517.0,S1,Female,49.0,113706.46,5.0,1.0,1.0,1.0,135490.72,1
488,668.0,S0,Female,33.0,157926.29,5.0,1.0,0.0,0.0,79330.74,1
489,556.0,S2,Male,42.0,112579.0,5.0,2.0,1.0,0.0,95861.55,1
490,587.0,S1,Female,42.0,126840.98,3.0,1.0,1.0,0.0,111027.4,1
491,695.0,S0,Male,58.0,62397.41,3.0,1.0,1.0,1.0,128258.77,1
492,693.0,S2,Male,49.0,120730.08,5.0,1.0,1.0,0.0,124054.93,1
493,639.0,S0,Male,54.0,62397.41,6.0,1.0,1.0,1.0,126647.01,1
494,665.0,S2,Male,49.0,106848.84,6.0,1.0,1.0,1.0,108456.85,1
495,558.0,S1,Male,52.0,126502.77,5.0,2.0,0.0,0.0,91317.02,1
496,628.0,S0,Male,44.0,132228.37,4.0,1.0,1.0,1.0,100688.41,1
497,611.0,S2,Male,48.0,93760.36,6.0,1.0,1.0,1.0,113807.79,1
498,684.0,S0,Male,54.0,62397.41,4.0,1.0,0.0,1.0,81191.39,1
499,621.0,S2,Female,38.0,62397.41,6.0,2.0,1.0,1.0,65745.45,1
500,560.0,S1,Male,44.0,118567.07,5.0,1.0,1.0,0.0,60970.39,1
501,692.0,S1,Male,44.0,146979.63,5.0,3.0,1.0,0.0,66205.98,1
502,548.0,S0,Female,48.0,115144.92,3.0,1.0,1.0,0.0,106709.07,1
503,525.0,S1,Male,40.0,109056.42,6.0,1.0,1.0,0.0,99767.45,1
504,571.0,S0,Female,46.0,62397.41,7.0,2.0,1.0,0.0,121085.61,1
505,603.0,S0,Female,52.0,130846.92,4.0,1.0,1.0,1.0,86028.43,1
506,653.0,S0,Female,43.0,62397.41,2.0,2.0,1.0,0.0,80128.06,1
507,542.0,S0,Female,56.0,62397.41,5.0,2.0,0.0,1.0,140115.05,1
508,753.0,S2,Female,55.0,62397.41,5.0,1.0,0.0,0.0,130488.92,1
509,569.0,S1,Male,52.0,123221.08,5.0,1.0,1.0,1.0,75245.89,1
510,609.0,S1,Male,57.0,98740.61,4.0,1.0,1.0,1.0,93920.47,1
511,677.0,S1,Male,57.0,116132.9,5.0,1.0,1.0,0.0,68512.44,1
512,663.0,S0,Female,52.0,62397.41,4.0,3.0,1.0,1.0,90354.99,1
513,667.0,S1,Female,32.0,117889.02,3.0,2.0,0.0,0.0,64243.41,1
514,628.0,S1,Female,52.0,122580.53,3.0,2.0,0.0,0.0,80864.04,1
515,568.0,S1,Male,54.0,109078.25,5.0,1.0,1.0,0.0,58630.08,1
516,617.0,S1,Female,47.0,89371.07,5.0,1.0,1.0,0.0,106383.52,0
517,622.0,S2,Female,39.0,62397.41,2.0,1.0,1.0,0.0,96720.33,1
518,654.0,S2,Female,56.0,62397.41,4.0,2.0,1.0,0.0,115571.47,1
519,628.0,S2,Female,47.0,62397.41,5.0,3.0,1.0,1.0,131526.52,1
520,601.0,S1,Male,47.0,116740.54,5.0,2.0,1.0,0.0,103607.35,1
521,700.0,S1,Female,43.0,131928.9,6.0,1.0,1.0,0.0,78790.15,1
522,607.0,S1,Female,46.0,122952.41,7.0,1.0,0.0,0.0,97823.87,1
523,632.0,S1,Female,33.0,141943.31,3.0,3.0,1.0,1.0,142212.11,0
524,702.0,S1,Female,40.0,128868.87,5.0,1.0,1.0,0.0,106614.47,1
525,738.0,S2,Female,55.0,150105.49,6.0,2.0,0.0,1.0,126257.49,1
526,631.0,S1,Male,51.0,125443.31,6.0,1.0,1.0,1.0,64807.81,1
527,660.0,S0,Male,49.0,113280.51,4.0,2.0,0.0,1.0,133060.47,1
528,592.0,S1,Female,45.0,144979.73,3.0,1.0,1.0,0.0,78121.13,0
529,552.0,S1,Female,43.0,134724.2,3.0,1.0,1.0,1.0,107950.67,1
530,651.0,S2,Female,45.0,114271.67,4.0,1.0,1.0,0.0,70688.06,0
531,500.0,S0,Female,46.0,62397.41,5.0,1.0,1.0,0.0,120534.1,1
532,603.0,S0,Male,52.0,94237.47,3.0,1.0,1.0,0.0,103776.91,0
533,607.0,S1,Male,48.0,143543.41,6.0,1.0,1.0,1.0,98710.08,1
534,688.0,S1,Female,51.0,123463.28,3.0,2.0,0.0,1.0,102576.32,1
535,618.0,S0,Female,44.0,122023.29,2.0,1.0,0.0,1.0,83021.35,1
536,749.0,S0,Male,44.0,119367.04,5.0,1.0,1.0,0.0,71071.38,1
537,685.0,S1,Male,47.0,114017.02,5.0,1.0,0.0,1.0,120309.78,1
538,635.0,S1,Female,37.0,129245.74,4.0,1.0,0.0,1.0,119687.95,1
539,641.0,S2,Female,43.0,62397.41,3.0,2.0,1.0,0.0,74817.17,1
540,641.0,S0,Male,45.0,156653.81,6.0,1.0,1.0,1.0,71494.57,1
541,619.0,S1,Male,44.0,126002.75,4.0,1.0,0.0,0.0,132987.68,1
542,574.0,S1,Male,43.0,135153.38,7.0,1.0,1.0,0.0,67236.71,1
543,573.0,S2,Male,48.0,128623.47,4.0,1.0,1.0,1.0,103612.59,1
544,568.0,S1,Female,50.0,125137.49,5.0,1.0,0.0,1.0,97261.53,0
545,667.0,S1,Male,46.0,132802.83,3.0,3.0,1.0,1.0,124602.89,1
546,559.0,S0,Male,52.0,62397.41,3.0,3.0,1.0,1.0,101715.57,1
547,644.0,S0,Female,44.0,62397.41,4.0,1.0,1.0,0.0,105597.0,1
548,551.0,S0,Male,34.0,123376.69,4.0,1.0,1.0,1.0,127285.97,1
549,744.0,S0,Male,32.0,62397.41,6.0,1.0,1.0,0.0,65926.32,1
550,537.0,S0,Male,48.0,108565.76,3.0,1.0,1.0,0.0,100831.64,1
551,617.0,S0,Female,44.0,131460.3,6.0,1.0,1.0,0.0,132237.06,1
552,659.0,S2,Male,55.0,118087.34,5.0,1.0,1.0,1.0,78857.01,1
553,709.0,S1,Female,42.0,115481.68,2.0,2.0,1.0,1.0,114318.2,1
554,630.0,S2,Male,44.0,127137.61,4.0,3.0,0.0,0.0,105811.93,1
555,662.0,S1,Female,58.0,132057.58,5.0,2.0,1.0,1.0,75163.56,1
556,599.0,S2,Male,39.0,88377.64,4.0,1.0,1.0,0.0,104938.98,1
557,705.0,S1,Male,45.0,100130.82,4.0,2.0,1.0,0.0,96979.93,1
558,687.0,S0,Female,35.0,158829.96,3.0,1.0,1.0,0.0,103594.46,1
559,509.0,S2,Female,45.0,62397.41,5.0,3.0,1.0,0.0,92782.49,1
560,541.0,S1,Female,47.0,128677.81,2.0,2.0,1.0,1.0,124657.5,1
561,692.0,S0,Female,49.0,62397.41,4.0,1.0,0.0,1.0,70332.48,1
562,556.0,S0,Female,46.0,124628.19,2.0,1.0,1.0,1.0,90851.81,1
563,690.0,S0,Female,44.0,62397.41,4.0,1.0,0.0,0.0,82080.49,1
564,646.0,S0,Female,42.0,114677.08,3.0,1.0,0.0,0.0,66892.88,1
565,588.0,S1,Male,51.0,134687.05,3.0,2.0,1.0,0.0,134508.49,1
566,708.0,S0,Female,38.0,62397.41,3.0,1.0,1.0,0.0,115490.07,1
567,659.0,S1,Male,46.0,114371.63,6.0,1.0,1.0,0.0,85936.1,1
568,717.0,S1,Female,36.0,116478.88,4.0,1.0,1.0,0.0,65556.05,1
569,563.0,S1,Female,43.0,112716.8,6.0,1.0,1.0,1.0,142403.66,1
570,672.0,S0,Female,44.0,62397.41,3.0,2.0,0.0,1.0,69204.3,1
571,550.0,S0,Male,50.0,123312.26,5.0,1.0,1.0,0.0,88350.92,1
572,634.0,S1,Female,49.0,134569.78,5.0,1.0,0.0,0.0,100559.68,1
573,687.0,S2,Male,44.0,62397.41,5.0,1.0,1.0,0.0,127078.82,1
574,611.0,S0,Male,49.0,62397.41,5.0,1.0,1.0,0.0,63431.7,1
575,657.0,S1,Male,44.0,123068.03,2.0,1.0,0.0,0.0,69134.48,1
576,607.0,S1,Male,42.0,96128.23,6.0,1.0,1.0,0.0,90895.42,1
577,609.0,S1,Female,35.0,115258.65,7.0,1.0,0.0,1.0,70192.42,1
578,664.0,S1,Female,42.0,117671.28,4.0,1.0,1.0,1.0,72947.72,1
579,554.0,S1,Male,51.0,124837.97,5.0,1.0,0.0,1.0,125260.83,1
580,604.0,S1,Male,47.0,119796.93,5.0,1.0,1.0,1.0,90582.61,1
581,604.0,S2,Female,60.0,132526.2,4.0,2.0,1.0,1.0,132159.94,1
582,509.0,S0,Male,36.0,62397.41,5.0,1.0,0.0,0.0,141795.25,1
583,627.0,S2,Male,47.0,119571.92,6.0,2.0,1.0,0.0,121139.82,1
584,595.0,S0,Male,54.0,62397.41,6.0,1.0,1.0,1.0,69726.09,1
585,645.0,S1,Male,39.0,139194.79,3.0,1.0,1.0,0.0,132165.56,1
586,547.0,S1,Male,46.0,110424.73,3.0,1.0,0.0,1.0,142176.74,1
587,595.0,S1,Female,49.0,129698.13,4.0,2.0,1.0,1.0,94011.94,1
588,749.0,S0,Female,44.0,100756.23,7.0,1.0,1.0,1.0,117494.04,1
589,712.0,S1,Female,57.0,126499.62,4.0,1.0,1.0,1.0,98552.63,1
590,592.0,S1,Male,48.0,116604.04,6.0,1.0,1.0,0.0,116753.04,1
591,669.0,S2,Female,49.0,62397.41,3.0,1.0,1.0,0.0,103325.58,1
592,617.0,S1,Male,43.0,120368.76,3.0,1.0,1.0,1.0,103261.52,1
593,693.0,S0,Female,44.0,62397.41,6.0,2.0,1.0,0.0,116928.52,1
594,644.0,S0,Female,47.0,62397.41,6.0,1.0,1.0,1.0,96614.21,1
595,567.0,S0,Female,50.0,62397.41,3.0,1.0,0.0,0.0,85330.13,1
596,660.0,S0,Female,50.0,62397.41,3.0,1.0,0.0,0.0,102448.25,0
597,668.0,S0,Male,52.0,62397.41,5.0,3.0,1.0,0.0,73835.17,1
598,669.0,S2,Female,34.0,124146.49,4.0,2.0,1.0,0.0,118983.95,1
599,591.0,S0,Female,48.0,62397.41,2.0,3.0,0.0,1.0,113406.5,1
600,546.0,S2,Male,41.0,62397.41,3.0,1.0,0.0,1.0,115075.46,1
601,558.0,S0,Male,47.0,137082.65,4.0,1.0,1.0,0.0,89311.61,1
602,573.0,S1,Male,45.0,120657.43,2.0,2.0,0.0,1.0,110807.18,1
603,666.0,S0,Female,49.0,126022.06,2.0,2.0,0.0,1.0,113906.22,1
604,536.0,S0,Female,36.0,105444.14,4.0,1.0,0.0,0.0,84381.08,1
605,698.0,S0,Male,42.0,144266.51,5.0,1.0,1.0,0.0,96219.56,1
606,610.0,S1,Female,42.0,120936.83,4.0,2.0,1.0,0.0,132002.14,1
607,606.0,S0,Male,44.0,62397.41,5.0,3.0,0.0,0.0,81358.68,1
608,603.0,S2,Female,56.0,62397.41,3.0,3.0,1.0,0.0,85833.92,1
609,680.0,S2,Female,44.0,148507.14,5.0,1.0,1.0,1.0,125371.89,1
610,728.0,S1,Female,45.0,94814.56,5.0,3.0,0.0,1.0,135023.63,1
611,638.0,S2,Female,45.0,115181.9,5.0,1.0,1.0,0.0,78012.45,0
612,446.0,S0,Female,58.0,62397.41,4.0,1.0,0.0,0.0,105862.33,1
613,518.0,S1,Male,35.0,125884.41,7.0,1.0,1.0,0.0,71260.43,1
614,550.0,S0,Female,48.0,105227.92,7.0,1.0,1.0,0.0,107380.44,1
615,731.0,S0,Female,55.0,62397.41,4.0,3.0,1.0,1.0,97557.56,1
616,730.0,S2,Female,50.0,95609.44,6.0,2.0,0.0,0.0,96414.06,1
617,635.0,S2,Female,37.0,80776.24,3.0,1.0,1.0,0.0,101549.7,1
618,498.0,S1,Male,42.0,119868.72,6.0,1.0,0.0,1.0,57933.89,1
619,638.0,S2,Female,53.0,137889.18,5.0,1.0,0.0,1.0,121802.8,1
620,678.0,S0,Male,42.0,124062.08,4.0,2.0,0.0,0.0,102965.5,1
621,584.0,S1,Male,49.0,116636.77,6.0,2.0,1.0,1.0,84474.19,1
622,647.0,S0,Male,34.0,118251.2,5.0,1.0,1.0,0.0,83407.45,1
623,600.0,S0,Female,44.0,108665.13,4.0,1.0,0.0,1.0,127467.94,1
624,567.0,S1,Male,50.0,123483.18,6.0,2.0,1.0,0.0,77281.33,1
625,525.0,S1,Male,52.0,116535.65,3.0,3.0,1.0,0.0,94107.87,1
626,626.0,S2,Male,28.0,62397.41,5.0,1.0,0.0,1.0,82856.85,1
627,585.0,S0,Female,55.0,84804.69,5.0,3.0,0.0,1.0,86210.79,1
628,513.0,S1,Male,48.0,117863.38,5.0,1.0,1.0,0.0,59628.24,1
629,707.0,S1,Female,42.0,125330.23,4.0,2.0,1.0,1.0,64227.88,1
630,584.0,S1,Male,54.0,112544.82,3.0,1.0,0.0,0.0,59597.22,1
631,715.0,S1,Male,46.0,122536.63,6.0,2.0,0.0,1.0,120568.63,1
632,580.0,S0,Male,44.0,122832.69,4.0,1.0,1.0,0.0,126829.84,1
633,664.0,S0,Female,42.0,62397.41,7.0,2.0,1.0,1.0,63437.53,1
634,616.0,S0,Female,44.0,62397.41,5.0,3.0,1.0,1.0,116442.8,1
635,693.0,S0,Female,44.0,64291.58,2.0,2.0,1.0,0.0,132741.58,1
636,709.0,S0,Female,62.0,62397.41,5.0,1.0,1.0,1.0,90598.28,0
637,542.0,S1,Male,37.0,129865.97,3.0,1.0,1.0,1.0,128220.6,1
638,589.0,S0,Male,49.0,108258.6,4.0,1.0,1.0,0.0,83014.98,1
639,622.0,S1,Male,63.0,131108.56,5.0,1.0,0.0,1.0,85876.55,1
640,657.0,S0,Male,41.0,151917.75,6.0,1.0,0.0,0.0,82463.61,1
641,580.0,S2,Female,41.0,139603.26,7.0,1.0,1.0,1.0,80494.12,1
642,660.0,S0,Male,44.0,62397.41,5.0,1.0,0.0,1.0,122465.07,1
643,701.0,S0,Female,51.0,126001.29,6.0,1.0,1.0,1.0,91325.91,1
644,565.0,S1,Male,44.0,134446.41,5.0,1.0,1.0,1.0,139116.27,1
645,483.0,S1,Female,51.0,113803.5,3.0,2.0,1.0,0.0,95677.35,0
646,677.0,S1,Male,57.0,139085.8,5.0,1.0,1.0,0.0,88033.46,1
647,575.0,S0,Male,50.0,62397.41,4.0,1.0,1.0,1.0,100033.07,1
648,685.0,S1,Male,54.0,125936.12,6.0,1.0,1.0,0.0,114624.48,1
649,709.0,S0,Female,49.0,120343.17,3.0,1.0,0.0,0.0,99539.23,1
650,683.0,S1,Male,51.0,120855.19,6.0,1.0,1.0,0.0,136265.69,1
651,647.0,S0,Female,51.0,62397.41,5.0,1.0,1.0,0.0,61000.63,0
652,619.0,S2,Male,42.0,131861.33,3.0,1.0,1.0,0.0,83338.13,1
653,667.0,S0,Male,46.0,126874.14,6.0,1.0,1.0,0.0,71535.56,1
654,602.0,S0,Female,49.0,93606.68,6.0,3.0,0.0,0.0,61471.61,1
655,655.0,S0,Male,57.0,62397.41,4.0,1.0,0.0,1.0,140331.37,1
656,620.0,S1,Female,55.0,120826.16,4.0,1.0,0.0,1.0,75543.07,1
657,650.0,S0,Female,37.0,62397.41,3.0,2.0,0.0,1.0,100212.25,1
658,585.0,S1,Female,47.0,138837.06,3.0,1.0,0.0,1.0,76515.79,1
659,528.0,S0,Female,47.0,131172.46,5.0,1.0,1.0,0.0,139239.36,1
660,662.0,S0,Female,44.0,114442.04,3.0,1.0,0.0,0.0,61643.42,1
661,622.0,S2,Male,58.0,124945.78,5.0,1.0,1.0,1.0,117574.52,1
662,634.0,S2,Male,41.0,157008.78,6.0,2.0,0.0,0.0,135287.76,1
663,614.0,S0,Male,55.0,122103.97,5.0,1.0,1.0,1.0,97886.32,1
664,585.0,S1,Male,47.0,122474.35,6.0,1.0,1.0,0.0,108097.21,1
665,584.0,S0,Male,41.0,62397.41,5.0,1.0,1.0,1.0,81252.53,1
666,634.0,S1,Female,42.0,124605.38,5.0,1.0,0.0,0.0,77492.99,1
667,690.0,S2,Male,44.0,62397.41,6.0,1.0,1.0,0.0,71295.12,1
668,708.0,S0,Female,36.0,128359.93,6.0,1.0,1.0,1.0,127083.07,1
669,631.0,S0,Female,43.0,62397.41,5.0,1.0,1.0,0.0,67788.28,0
670,604.0,S2,Female,60.0,116681.35,6.0,1.0,1.0,1.0,67452.79,1
671,627.0,S0,Female,41.0,62397.41,6.0,2.0,1.0,1.0,62656.28,1
672,621.0,S0,Male,39.0,62397.41,3.0,3.0,0.0,0.0,133167.3,1
673,652.0,S2,Male,47.0,99728.52,4.0,3.0,1.0,0.0,85092.46,1
674,624.0,S1,Male,47.0,123007.45,6.0,1.0,0.0,0.0,140413.64,0
675,709.0,S1,Female,42.0,126927.01,3.0,1.0,1.0,1.0,60316.49,1
676,740.0,S1,Female,34.0,118712.41,6.0,1.0,1.0,1.0,108374.01,1
677,604.0,S2,Male,47.0,62397.41,4.0,2.0,0.0,0.0,73107.72,1
678,738.0,S0,Female,50.0,62397.41,2.0,1.0,0.0,0.0,133440.33,1
679,684.0,S1,Female,36.0,132313.23,6.0,1.0,1.0,0.0,117790.1,1
680,588.0,S0,Female,55.0,62397.41,5.0,1.0,1.0,1.0,67051.47,0
681,566.0,S0,Male,49.0,115569.51,6.0,1.0,0.0,1.0,86334.15,1
682,683.0,S1,Male,48.0,128144.96,5.0,1.0,1.0,1.0,90646.84,1
683,654.0,S0,Male,31.0,130975.32,4.0,1.0,1.0,0.0,79600.45,1
684,617.0,S1,Female,59.0,111332.11,3.0,1.0,1.0,1.0,121210.2,1
685,564.0,S2,Male,54.0,115558.28,6.0,1.0,0.0,1.0,117389.87,1
686,600.0,S0,Male,51.0,120511.44,3.0,1.0,1.0,0.0,136475.91,0
687,669.0,S1,Male,53.0,112226.85,3.0,1.0,1.0,1.0,88316.39,1
688,698.0,S0,Male,43.0,152155.81,5.0,1.0,1.0,0.0,86037.22,1
689,615.0,S0,Female,47.0,62397.41,5.0,1.0,1.0,0.0,59552.9,0
690,753.0,S1,Male,45.0,104840.44,5.0,3.0,0.0,1.0,83016.63,1
691,620.0,S0,Male,44.0,138079.05,4.0,1.0,0.0,1.0,72246.62,1
692,603.0,S0,Male,42.0,103799.17,5.0,1.0,0.0,0.0,130813.51,1
693,689.0,S0,Male,57.0,62397.41,4.0,3.0,1.0,1.0,91650.92,1
694,698.0,S0,Male,42.0,62397.41,5.0,1.0,0.0,0.0,71478.78,1
695,600.0,S0,Female,46.0,62397.41,3.0,1.0,1.0,0.0,78637.6,1
696,569.0,S1,Male,39.0,121906.6,4.0,1.0,0.0,1.0,63464.76,1
697,668.0,S0,Male,39.0,139708.29,4.0,1.0,1.0,0.0,91154.33,1
698,589.0,S0,Female,56.0,182212.8,4.0,1.0,0.0,1.0,120378.62,1
699,695.0,S1,Female,47.0,130572.6,5.0,1.0,0.0,0.0,118532.49,1
700,669.0,S2,Female,49.0,144704.83,3.0,1.0,0.0,0.0,124378.98,1
701,685.0,S0,Female,58.0,116693.14,5.0,2.0,0.0,0.0,68554.68,1
702,532.0,S0,Female,44.0,62397.41,3.0,1.0,1.0,1.0,78586.76,1
703,629.0,S1,Female,44.0,132749.22,5.0,1.0,1.0,1.0,57800.8,1
704,661.0,S0,Female,47.0,91941.56,3.0,1.0,1.0,0.0,64686.3,0
705,638.0,S0,Female,41.0,146287.23,4.0,2.0,1.0,0.0,116515.18,1
706,676.0,S2,Female,41.0,121966.59,4.0,1.0,0.0,0.0,113245.09,1
707,609.0,S0,Male,42.0,134891.38,5.0,2.0,0.0,0.0,123349.39,1
708,598.0,S1,Female,58.0,101872.12,2.0,1.0,0.0,1.0,78123.12,0
709,663.0,S1,Female,32.0,119209.26,5.0,1.0,1.0,0.0,126555.16,1
710,703.0,S1,Male,42.0,116833.88,6.0,1.0,1.0,0.0,75270.48,1
711,647.0,S1,Male,55.0,127558.92,4.0,1.0,1.0,1.0,135740.89,1
712,674.0,S0,Female,50.0,146934.82,4.0,1.0,1.0,0.0,117320.02,1
713,661.0,S1,Male,60.0,123170.96,4.0,3.0,0.0,0.0,119003.18,1
714,627.0,S1,Male,44.0,109604.97,3.0,1.0,1.0,0.0,110189.74,1
715,729.0,S0,Male,48.0,152980.48,6.0,1.0,1.0,0.0,63237.47,1
716,707.0,S0,Male,52.0,117645.34,6.0,1.0,1.0,1.0,98651.59,1
717,568.0,S0,Female,35.0,121079.6,6.0,2.0,1.0,1.0,124890.5,1
718,676.0,S1,Female,49.0,117917.07,5.0,2.0,1.0,1.0,91738.92,1
719,663.0,S0,Male,55.0,62397.41,6.0,1.0,0.0,0.0,93861.09,1
720,565.0,S2,Female,53.0,62397.41,6.0,1.0,1.0,0.0,110916.19,1
721,615.0,S0,Female,52.0,125032.37,4.0,2.0,1.0,0.0,96706.08,1
722,571.0,S2,Female,48.0,106427.51,5.0,3.0,0.0,1.0,98696.59,1
723,534.0,S0,Female,37.0,62397.41,4.0,1.0,1.0,1.0,132531.3,1
724,646.0,S0,Male,50.0,130316.47,6.0,1.0,0.0,1.0,133784.98,1
725,674.0,S2,Male,46.0,62397.41,3.0,1.0,1.0,0.0,76448.1,1
726,727.0,S1,Female,42.0,112875.21,3.0,1.0,1.0,0.0,72446.24,1
727,665.0,S1,Female,49.0,115214.8,5.0,1.0,1.0,1.0,134134.82,1
728,659.0,S2,Male,60.0,62397.41,5.0,1.0,1.0,0.0,112401.48,1
729,578.0,S1,Female,49.0,132639.89,7.0,1.0,1.0,0.0,127976.67,1
730,587.0,S2,Male,55.0,112326.86,4.0,1.0,0.0,0.0,59439.02,1
731,570.0,S1,Female,45.0,114348.0,6.0,1.0,0.0,1.0,136906.85,1
732,622.0,S2,Male,52.0,118329.85,4.0,1.0,0.0,1.0,71509.88,1
733,492.0,S2,Female,31.0,147664.64,5.0,2.0,0.0,1.0,115450.48,1
734,658.0,S0,Female,45.0,62397.41,5.0,1.0,0.0,1.0,88178.77,1
735,548.0,S2,Female,62.0,113935.34,6.0,1.0,1.0,0.0,134621.57,0
736,617.0,S2,Male,51.0,62397.41,6.0,1.0,0.0,0.0,118849.98,1
737,669.0,S0,Female,52.0,106782.11,4.0,3.0,0.0,0.0,60007.79,1
738,650.0,S1,Female,46.0,120643.61,4.0,1.0,1.0,1.0,107371.8,1
739,545.0,S0,Female,48.0,62397.41,3.0,1.0,1.0,1.0,106704.92,1
740,686.0,S0,Female,61.0,97233.72,3.0,1.0,1.0,1.0,82683.71,0
741,586.0,S0,Male,57.0,155865.65,7.0,1.0,0.0,0.0,61529.95,1
742,627.0,S0,Male,37.0,143403.52,5.0,2.0,1.0,0.0,62870.11,1
743,705.0,S1,Female,45.0,113652.9,2.0,1.0,1.0,0.0,96147.22,0
744,633.0,S1,Female,44.0,103588.41,2.0,1.0,1.0,1.0,141974.71,1
745,711.0,S0,Male,39.0,62397.41,6.0,1.0,1.0,0.0,135271.85,1
746,558.0,S0,Male,45.0,142324.43,3.0,1.0,1.0,0.0,100418.76,1
747,510.0,S1,Female,51.0,109087.42,7.0,1.0,1.0,0.0,123088.68,1
748,561.0,S0,Female,60.0,100118.85,4.0,1.0,0.0,0.0,65029.19,1
749,628.0,S1,Male,52.0,127742.98,5.0,1.0,1.0,1.0,138579.35,1
750,500.0,S2,Female,54.0,62397.41,3.0,1.0,0.0,0.0,138985.8,1
751,677.0,S2,Female,50.0,110796.9,5.0,1.0,1.0,0.0,138431.3,1
752,568.0,S1,Female,46.0,130242.22,4.0,1.0,1.0,0.0,60109.28,0
753,598.0,S2,Male,40.0,62397.41,6.0,3.0,0.0,1.0,88607.55,1
754,541.0,S1,Male,55.0,114777.81,6.0,1.0,0.0,0.0,81247.65,1
755,579.0,S2,Female,47.0,141467.88,3.0,1.0,1.0,0.0,83939.63,0
756,598.0,S1,Male,44.0,108404.56,4.0,1.0,1.0,0.0,138860.78,1
757,690.0,S0,Male,46.0,128132.8,3.0,1.0,0.0,1.0,100636.3,1
758,680.0,S0,Female,52.0,62397.41,7.0,1.0,1.0,1.0,68137.63,1
759,677.0,S2,Female,37.0,62397.41,2.0,1.0,1.0,0.0,109241.88,1
760,680.0,S0,Female,49.0,120405.45,3.0,3.0,0.0,0.0,138973.74,1
761,631.0,S0,Male,47.0,145780.8,3.0,2.0,1.0,0.0,67311.63,1
762,624.0,S1,Female,46.0,110020.72,6.0,1.0,1.0,0.0,135690.44,1
763,653.0,S2,Female,39.0,62397.41,3.0,1.0,0.0,0.0,69224.55,1
764,546.0,S0,Female,69.0,62397.41,3.0,1.0,1.0,0.0,109901.91,0
765,753.0,S1,Male,46.0,116934.76,2.0,3.0,1.0,0.0,135706.77,1
766,661.0,S0,Male,48.0,110583.83,5.0,1.0,1.0,0.0,99267.47,1
767,639.0,S2,Female,45.0,140990.96,3.0,2.0,0.0,1.0,124121.44,1
768,581.0,S0,Female,57.0,62397.41,6.0,1.0,0.0,1.0,107012.7,1
769,654.0,S2,Male,42.0,100130.74,5.0,1.0,1.0,1.0,61192.84,1
770,623.0,S1,Male,45.0,135364.89,6.0,1.0,1.0,0.0,139711.72,1
771,604.0,S1,Female,49.0,126693.1,3.0,2.0,1.0,0.0,71198.11,0
772,527.0,S1,Female,49.0,97242.92,3.0,1.0,0.0,0.0,101122.97,1
773,546.0,S2,Male,49.0,62397.41,3.0,1.0,1.0,1.0,106250.2,1
774,650.0,S0,Female,40.0,153453.03,3.0,1.0,1.0,1.0,84595.27,1
775,481.0,S2,Male,42.0,62397.41,3.0,1.0,1.0,1.0,78402.77,1
776,609.0,S1,Male,32.0,116944.43,6.0,2.0,0.0,0.0,133771.04,1
777,598.0,S0,Female,61.0,62397.41,6.0,1.0,0.0,1.0,63117.13,1
778,753.0,S1,Female,65.0,111123.99,3.0,3.0,1.0,0.0,83977.47,1
779,654.0,S1,Female,37.0,131079.18,5.0,1.0,1.0,1.0,75303.39,1
780,729.0,S1,Male,52.0,101055.67,7.0,1.0,0.0,0.0,119696.68,1
781,620.0,S2,Male,60.0,62397.41,7.0,2.0,1.0,0.0,70590.7,1
782,586.0,S1,Female,42.0,119267.67,4.0,2.0,1.0,0.0,132591.76,1
783,612.0,S2,Male,53.0,148087.89,6.0,1.0,1.0,0.0,72636.39,1
784,709.0,S1,Male,39.0,142038.97,3.0,1.0,1.0,1.0,141211.05,1
785,651.0,S2,Male,43.0,166454.74,4.0,2.0,0.0,0.0,124512.22,1
786,573.0,S2,Male,42.0,62397.41,6.0,2.0,0.0,0.0,57694.49,1
787,524.0,S0,Male,49.0,135225.53,6.0,1.0,1.0,0.0,83566.38,1
788,691.0,S1,Female,36.0,131284.32,5.0,3.0,1.0,0.0,101265.37,1
789,753.0,S0,Male,50.0,127064.86,5.0,1.0,1.0,0.0,85458.59,1
790,554.0,S1,Female,40.0,121974.7,6.0,1.0,1.0,0.0,74927.47,1
791,615.0,S2,Female,34.0,137090.12,6.0,3.0,0.0,1.0,101913.81,1
792,614.0,S2,Male,48.0,62397.41,4.0,1.0,1.0,0.0,59874.64,1
793,533.0,S1,Female,56.0,118711.93,4.0,1.0,1.0,1.0,75033.2,1
794,593.0,S0,Female,57.0,62397.41,3.0,2.0,1.0,1.0,111115.09,1
795,682.0,S0,Male,31.0,127764.65,5.0,1.0,0.0,0.0,109302.75,1
796,628.0,S1,Male,38.0,115371.14,6.0,1.0,1.0,0.0,90702.2,1
797,606.0,S2,Male,52.0,62397.41,5.0,1.0,0.0,1.0,88779.09,1
798,614.0,S1,Male,51.0,126031.73,5.0,1.0,0.0,1.0,57791.43,1
799,660.0,S0,Male,31.0,112325.94,6.0,1.0,1.0,0.0,86532.72,1
800,619.0,S0,Female,47.0,129643.23,4.0,1.0,1.0,1.0,72219.66,1
801,619.0,S1,Male,49.0,115873.08,3.0,1.0,1.0,1.0,121524.17,1
802,605.0,S0,Male,42.0,82172.41,3.0,1.0,1.0,1.0,133262.71,1
803,699.0,S1,Female,38.0,116913.06,3.0,2.0,1.0,0.0,83242.26,1
804,574.0,S0,Female,47.0,139646.95,3.0,2.0,0.0,0.0,95706.63,1
805,677.0,S0,Male,59.0,126838.71,2.0,2.0,1.0,1.0,137696.84,1
806,617.0,S0,Female,42.0,112430.1,7.0,3.0,0.0,1.0,68196.34,1
807,618.0,S1,Female,52.0,116904.81,2.0,3.0,0.0,0.0,95061.42,1
808,638.0,S1,Female,48.0,110365.97,5.0,1.0,1.0,1.0,66455.19,1
809,617.0,S1,Female,52.0,120338.25,7.0,2.0,0.0,0.0,62882.29,1
810,627.0,S2,Female,50.0,117750.86,5.0,3.0,0.0,1.0,137255.36,1
811,595.0,S2,Female,47.0,102233.96,5.0,1.0,1.0,0.0,81030.9,0
812,592.0,S1,Female,44.0,125492.0,7.0,1.0,1.0,0.0,109137.01,1
813,668.0,S0,Male,41.0,113034.87,3.0,3.0,0.0,0.0,87578.15,1
814,610.0,S2,Male,51.0,62397.41,5.0,1.0,1.0,0.0,136044.48,1
815,599.0,S2,Female,37.0,62397.41,4.0,1.0,1.0,1.0,112783.11,1
816,504.0,S1,Female,49.0,146979.51,5.0,1.0,1.0,0.0,64588.94,1
817,626.0,S1,Female,38.0,133530.89,6.0,1.0,1.0,1.0,128502.56,1
818,608.0,S0,Male,44.0,62397.41,5.0,1.0,1.0,1.0,66158.31,1
819,733.0,S0,Male,47.0,62397.41,6.0,1.0,0.0,0.0,85344.99,1
820,699.0,S1,Male,40.0,121432.94,3.0,1.0,0.0,1.0,133292.27,1
821,669.0,S1,Male,47.0,128258.17,4.0,1.0,1.0,0.0,88957.47,1
822,446.0,S1,Male,43.0,117550.14,2.0,2.0,0.0,0.0,110028.29,1
823,613.0,S0,Male,44.0,126272.32,3.0,1.0,1.0,0.0,101022.02,1
824,579.0,S0,Male,57.0,62397.41,4.0,2.0,1.0,0.0,68496.59,1
825,560.0,S2,Male,49.0,117419.1,6.0,1.0,1.0,0.0,124369.33,1
826,673.0,S0,Female,47.0,114106.88,3.0,2.0,1.0,1.0,72655.55,1
827,709.0,S1,Female,36.0,137968.96,5.0,1.0,1.0,0.0,84050.12,1
828,631.0,S0,Female,42.0,108742.12,4.0,1.0,0.0,1.0,141507.96,1
829,641.0,S2,Female,44.0,136030.45,3.0,1.0,1.0,0.0,65658.32,0
830,693.0,S1,Male,47.0,131795.68,4.0,1.0,1.0,0.0,64111.98,1
831,637.0,S2,Female,44.0,76512.11,5.0,1.0,1.0,0.0,87080.19,1
832,753.0,S1,Female,47.0,126358.64,5.0,1.0,1.0,1.0,139402.64,1
833,636.0,S1,Female,43.0,114920.96,3.0,1.0,1.0,0.0,66291.24,0
834,608.0,S1,Female,40.0,126781.58,5.0,1.0,0.0,0.0,87024.1,1
835,730.0,S1,Male,57.0,130288.84,3.0,1.0,1.0,0.0,137232.48,1
836,715.0,S1,Male,52.0,115008.9,4.0,1.0,1.0,0.0,89068.07,0
837,642.0,S0,Female,47.0,110857.87,6.0,1.0,0.0,0.0,113430.14,1
838,656.0,S0,Male,39.0,62397.41,6.0,1.0,1.0,0.0,105739.03,1
839,611.0,S2,Female,44.0,62397.41,6.0,3.0,1.0,1.0,91447.75,1
840,680.0,S1,Male,51.0,135445.77,5.0,1.0,0.0,0.0,96575.3,1
841,580.0,S2,Female,45.0,62397.41,3.0,1.0,1.0,1.0,93046.36,1
842,709.0,S0,Female,39.0,138679.48,6.0,2.0,0.0,0.0,134094.56,1
843,641.0,S0,Male,45.0,62397.41,5.0,1.0,0.0,1.0,103548.13,1
844,626.0,S2,Female,48.0,68659.49,5.0,1.0,0.0,0.0,124126.71,1
845,609.0,S0,Male,41.0,62397.41,5.0,1.0,1.0,1.0,68992.85,1
846,683.0,S0,Female,32.0,62397.41,2.0,2.0,1.0,0.0,103975.86,1
847,618.0,S2,Male,43.0,115409.31,7.0,1.0,0.0,0.0,82521.07,1
848,579.0,S0,Female,44.0,131702.64,6.0,1.0,1.0,0.0,117848.47,1
849,713.0,S0,Female,43.0,127810.77,3.0,1.0,1.0,0.0,127105.29,1
850,566.0,S2,Male,41.0,99193.87,6.0,2.0,1.0,0.0,95577.45,1
851,603.0,S0,Male,41.0,140631.02,3.0,1.0,1.0,1.0,139251.09,1
852,601.0,S0,Male,38.0,62397.41,5.0,1.0,1.0,0.0,141659.27,1
853,616.0,S0,Male,47.0,139571.85,5.0,1.0,0.0,0.0,72514.04,1
854,655.0,S2,Male,41.0,127703.54,5.0,1.0,0.0,0.0,89662.5,1
855,712.0,S1,Female,45.0,132615.34,3.0,1.0,1.0,0.0,58430.65,0
856,561.0,S1,Male,43.0,130404.91,4.0,1.0,1.0,0.0,70996.85,1
857,596.0,S2,Male,40.0,62397.41,6.0,1.0,1.0,0.0,100007.88,1
858,539.0,S2,Male,46.0,114936.6,5.0,1.0,0.0,0.0,91981.71,1
859,753.0,S1,Female,41.0,134594.05,5.0,1.0,1.0,0.0,66907.08,1
860,527.0,S0,Female,56.0,62397.41,6.0,3.0,1.0,1.0,129620.75,1
861,641.0,S1,Male,55.0,139996.71,6.0,1.0,1.0,1.0,116007.0,1
862,673.0,S1,Female,36.0,115789.87,5.0,1.0,1.0,1.0,87215.15,1
863,636.0,S2,Female,45.0,62397.41,3.0,1.0,0.0,0.0,126653.22,1
864,610.0,S1,Female,52.0,146470.44,7.0,1.0,0.0,0.0,97214.11,1
865,557.0,S0,Female,60.0,120054.39,3.0,1.0,0.0,1.0,67928.69,1
866,666.0,S1,Male,47.0,124176.78,4.0,1.0,1.0,1.0,57522.07,1
867,462.0,S1,Female,36.0,120220.77,4.0,4.0,1.0,0.0,108220.5,1
868,513.0,S1,Male,49.0,129744.07,4.0,1.0,1.0,1.0,65711.07,1
869,619.0,S1,Male,42.0,131904.33,6.0,2.0,0.0,0.0,122272.52,1
870,595.0,S2,Male,40.0,102749.33,5.0,1.0,1.0,0.0,88394.0,1
871,660.0,S2,Female,37.0,155419.14,6.0,1.0,0.0,0.0,106517.26,1
872,651.0,S2,Female,42.0,129831.51,4.0,3.0,1.0,0.0,59202.28,1
873,506.0,S0,Male,46.0,62397.41,3.0,2.0,1.0,0.0,71910.42,1
874,619.0,S1,Male,44.0,116653.62,4.0,1.0,1.0,0.0,79799.86,1
875,607.0,S1,Male,44.0,136711.36,3.0,3.0,0.0,0.0,103383.37,1
876,630.0,S0,Female,52.0,87082.35,6.0,1.0,1.0,0.0,75300.29,0
877,703.0,S1,Male,39.0,120248.29,5.0,1.0,0.0,0.0,82090.71,1
878,728.0,S2,Female,49.0,62397.41,3.0,1.0,1.0,0.0,125906.58,1
879,660.0,S1,Male,52.0,116329.4,7.0,3.0,1.0,0.0,69755.23,1
880,680.0,S0,Male,55.0,131041.55,6.0,1.0,0.0,1.0,58905.6,1
881,548.0,S2,Male,51.0,62397.41,5.0,1.0,0.0,1.0,119605.81,1
882,734.0,S1,Female,50.0,123040.46,3.0,4.0,0.0,0.0,128110.42,1
883,607.0,S0,Female,39.0,62397.41,6.0,1.0,0.0,0.0,118183.26,1
884,615.0,S0,Female,52.0,62397.41,2.0,2.0,1.0,0.0,71179.78,1
885,726.0,S2,Female,35.0,145814.81,5.0,3.0,1.0,0.0,123844.1,1
886,663.0,S1,Female,43.0,113942.92,7.0,2.0,1.0,0.0,130577.44,1
887,569.0,S1,Male,51.0,123413.95,3.0,1.0,0.0,1.0,93419.73,1
888,698.0,S1,Male,60.0,112082.34,5.0,1.0,0.0,0.0,94444.67,1
889,529.0,S0,Male,36.0,153934.2,5.0,1.0,1.0,0.0,107150.59,1
890,691.0,S2,Male,39.0,62397.41,3.0,1.0,0.0,0.0,131519.65,1
891,701.0,S1,Female,48.0,122455.43,6.0,2.0,0.0,1.0,128421.28,1
892,538.0,S2,Female,53.0,100206.33,3.0,2.0,0.0,0.0,119054.87,1
893,575.0,S2,Female,46.0,110215.71,4.0,2.0,1.0,0.0,109849.57,1
894,704.0,S2,Male,47.0,132674.79,2.0,1.0,0.0,0.0,130158.43,1
895,601.0,S0,Male,39.0,145179.07,5.0,1.0,0.0,1.0,134292.61,1
896,630.0,S2,Female,37.0,62397.41,5.0,1.0,0.0,0.0,86405.06,1
897,579.0,S0,Male,37.0,62397.41,5.0,1.0,1.0,0.0,80852.14,1
898,676.0,S0,Male,44.0,62397.41,7.0,1.0,1.0,0.0,111831.8,1
899,656.0,S0,Male,36.0,62397.41,4.0,1.0,1.0,0.0,90126.18,1
900,617.0,S0,Female,37.0,150576.76,5.0,1.0,1.0,0.0,105595.11,1
901,644.0,S0,Male,57.0,151890.73,2.0,2.0,0.0,1.0,66465.86,1
902,615.0,S0,Female,57.0,89423.99,7.0,1.0,1.0,1.0,139117.09,1
903,636.0,S1,Male,40.0,119668.82,6.0,1.0,1.0,0.0,137766.04,1
904,753.0,S0,Male,37.0,96572.83,5.0,2.0,0.0,0.0,78814.33,1
905,577.0,S1,Male,44.0,112919.98,3.0,1.0,1.0,1.0,65764.49,1
906,642.0,S0,Female,47.0,115136.21,6.0,1.0,1.0,0.0,123759.0,1
907,638.0,S0,Female,38.0,129721.88,4.0,1.0,1.0,1.0,78217.78,1
908,692.0,S2,Female,39.0,119102.73,6.0,1.0,0.0,0.0,121413.76,1
909,718.0,S1,Male,54.0,127216.76,3.0,1.0,0.0,0.0,65433.37,1
910,633.0,S2,Male,42.0,188500.68,4.0,3.0,0.0,1.0,91952.15,1
911,662.0,S2,Male,47.0,62397.41,6.0,1.0,0.0,0.0,82670.84,1
912,595.0,S1,Female,38.0,129795.34,6.0,2.0,1.0,0.0,80429.23,1
913,635.0,S0,Male,45.0,114101.11,6.0,1.0,0.0,1.0,101600.5,1
914,619.0,S1,Male,32.0,123956.03,4.0,1.0,1.0,0.0,120066.69,1
915,550.0,S0,Female,43.0,99335.63,3.0,1.0,0.0,1.0,104090.73,1
916,622.0,S2,Male,41.0,62397.41,3.0,3.0,1.0,1.0,88975.76,1
917,649.0,S1,Female,45.0,115534.43,5.0,1.0,1.0,1.0,95989.93,1
918,737.0,S1,Male,58.0,129872.56,6.0,3.0,0.0,0.0,122537.31,1
919,693.0,S0,Male,48.0,62397.41,6.0,3.0,1.0,0.0,96070.52,1
920,605.0,S2,Female,46.0,105648.56,5.0,2.0,1.0,1.0,105641.54,1
921,574.0,S0,Male,47.0,74481.83,6.0,1.0,0.0,1.0,129647.13,1
922,657.0,S1,Male,47.0,125023.1,5.0,2.0,1.0,1.0,77483.85,1
923,627.0,S1,Female,57.0,123549.63,6.0,2.0,0.0,0.0,57556.13,1
924,665.0,S2,Female,40.0,90882.43,4.0,1.0,1.0,0.0,65158.92,1
925,686.0,S0,Female,58.0,62397.41,5.0,1.0,1.0,1.0,74049.6,0
926,655.0,S0,Male,44.0,62397.41,3.0,1.0,1.0,1.0,81669.71,1
927,596.0,S1,Female,61.0,115541.28,3.0,1.0,1.0,1.0,95725.46,1
928,748.0,S0,Male,47.0,133391.82,4.0,4.0,0.0,1.0,112118.1,1
929,624.0,S0,Male,46.0,128948.87,5.0,1.0,0.0,0.0,87079.36,1
930,672.0,S0,Female,46.0,109211.98,2.0,1.0,1.0,0.0,128701.18,0
931,628.0,S1,Male,43.0,140020.05,2.0,1.0,1.0,0.0,130385.34,0
932,654.0,S2,Female,47.0,91440.19,2.0,1.0,1.0,0.0,141552.23,1
933,539.0,S1,Female,45.0,128742.96,2.0,1.0,0.0,1.0,69499.76,1
934,625.0,S0,Female,49.0,136452.32,4.0,1.0,1.0,1.0,124411.89,1
935,611.0,S0,Female,44.0,62397.41,7.0,1.0,1.0,1.0,120008.52,1
936,644.0,S2,Female,55.0,167828.04,3.0,2.0,1.0,1.0,121538.19,1
937,621.0,S0,Female,44.0,124468.22,7.0,1.0,1.0,0.0,113576.18,1
938,726.0,S1,Male,37.0,146875.1,6.0,1.0,1.0,0.0,93640.61,1
939,672.0,S0,Male,52.0,102342.29,6.0,3.0,1.0,1.0,71291.03,1
940,500.0,S1,Male,57.0,126327.65,5.0,1.0,1.0,0.0,79424.45,1
941,725.0,S2,Female,43.0,145464.43,5.0,1.0,1.0,0.0,63511.58,1
942,734.0,S0,Female,43.0,114977.34,3.0,1.0,1.0,0.0,83661.15,1
943,742.0,S1,Male,57.0,128165.91,3.0,1.0,1.0,1.0,70569.31,1
944,753.0,S0,Female,55.0,111898.26,7.0,1.0,1.0,0.0,123741.05,1
945,638.0,S2,Female,54.0,156886.2,3.0,1.0,0.0,0.0,104862.49,1
946,680.0,S1,Male,42.0,121142.44,4.0,1.0,0.0,0.0,130894.84,1
947,647.0,S0,Male,46.0,129363.44,3.0,1.0,1.0,0.0,104688.34,1
948,657.0,S0,Female,42.0,62397.41,4.0,2.0,0.0,0.0,90711.39,1
949,673.0,S1,Female,56.0,143861.2,3.0,4.0,0.0,0.0,69049.75,1
950,628.0,S1,Female,44.0,105574.74,3.0,3.0,1.0,0.0,137879.9,0
951,574.0,S0,Female,46.0,62397.41,3.0,1.0,0.0,1.0,94322.88,0
952,633.0,S0,Male,38.0,123441.93,6.0,1.0,1.0,0.0,138265.89,1
953,658.0,S1,Male,50.0,111168.54,5.0,2.0,1.0,0.0,122284.39,1
954,649.0,S0,Male,48.0,115658.44,2.0,1.0,1.0,0.0,59969.14,0
955,514.0,S0,Male,52.0,122654.95,6.0,1.0,0.0,0.0,81634.34,1
956,685.0,S0,Male,47.0,62397.41,6.0,1.0,0.0,1.0,98526.12,1
957,586.0,S1,Female,37.0,113707.95,5.0,4.0,0.0,0.0,137330.26,1
958,642.0,S0,Male,41.0,62397.41,4.0,1.0,1.0,0.0,117315.18,1
959,606.0,S0,Female,53.0,62397.41,5.0,2.0,0.0,1.0,124002.68,1
960,566.0,S0,Male,39.0,145510.26,4.0,2.0,1.0,1.0,68454.29,1
961,631.0,S1,Female,39.0,137267.07,7.0,1.0,1.0,0.0,85722.05,1
962,631.0,S2,Male,42.0,62397.41,3.0,3.0,1.0,0.0,85994.11,1
963,600.0,S1,Male,53.0,115805.3,5.0,1.0,1.0,0.0,97294.79,1
964,677.0,S1,Male,47.0,119907.2,5.0,2.0,1.0,1.0,101988.9,1
965,688.0,S0,Female,38.0,62397.41,3.0,4.0,0.0,1.0,133863.11,1
966,671.0,S1,Male,51.0,122537.3,3.0,1.0,1.0,1.0,63016.36,1
967,548.0,S0,Female,49.0,117376.31,5.0,1.0,0.0,0.0,109078.07,0
968,575.0,S2,Male,49.0,62397.41,3.0,1.0,0.0,0.0,112271.68,1
969,645.0,S0,Male,48.0,150203.48,3.0,1.0,1.0,0.0,95833.37,1
970,659.0,S1,Female,42.0,129038.83,5.0,1.0,1.0,1.0,60655.79,1
971,598.0,S1,Male,57.0,121810.86,6.0,2.0,0.0,0.0,83089.19,1
972,680.0,S1,Female,46.0,102163.85,6.0,1.0,0.0,0.0,57750.19,1
973,717.0,S0,Male,51.0,62397.41,6.0,4.0,1.0,1.0,140233.87,1
974,663.0,S0,Male,51.0,145547.93,4.0,1.0,1.0,0.0,108825.42,1
975,594.0,S1,Male,48.0,127369.12,4.0,1.0,1.0,0.0,126980.36,0
976,577.0,S2,Female,45.0,112183.81,5.0,2.0,1.0,0.0,123090.36,1
977,455.0,S1,Male,37.0,126610.58,2.0,1.0,1.0,0.0,92157.71,1
978,747.0,S1,Female,52.0,106516.21,3.0,1.0,0.0,1.0,73103.31,1
979,476.0,S1,Male,48.0,126557.89,3.0,1.0,1.0,0.0,116992.51,1
980,585.0,S2,Male,46.0,102483.98,6.0,1.0,1.0,0.0,115147.02,1
981,724.0,S0,Male,45.0,62397.41,5.0,1.0,1.0,0.0,140984.15,1
982,629.0,S2,Male,48.0,126333.61,6.0,2.0,1.0,0.0,90402.31,1
983,523.0,S0,Male,42.0,62397.41,4.0,1.0,1.0,1.0,81212.97,1
984,752.0,S0,Female,44.0,62397.41,5.0,2.0,1.0,1.0,129401.6,1
985,666.0,S2,Female,61.0,62397.41,5.0,3.0,0.0,1.0,105320.2,1
986,639.0,S0,Male,49.0,62397.41,7.0,1.0,1.0,0.0,117068.34,1
987,579.0,S0,Female,49.0,62397.41,4.0,1.0,1.0,0.0,81037.34,0
988,595.0,S1,Female,43.0,138488.01,6.0,1.0,1.0,0.0,69104.5,1
989,571.0,S2,Female,49.0,62397.41,4.0,1.0,0.0,1.0,70572.89,1
990,622.0,S0,Female,49.0,128141.99,5.0,2.0,1.0,1.0,113598.54,1
991,551.0,S1,Male,52.0,120949.84,5.0,3.0,0.0,0.0,80370.62,1
992,675.0,S1,Female,50.0,139726.35,2.0,1.0,1.0,1.0,134354.7,1
993,602.0,S0,Male,39.0,62397.41,4.0,1.0,1.0,0.0,75433.14,1
994,731.0,S2,Female,56.0,62397.41,5.0,3.0,0.0,0.0,74061.04,1
995,753.0,S0,Female,40.0,168836.78,3.0,1.0,1.0,0.0,137631.01,1
996,671.0,S2,Male,40.0,62397.41,3.0,3.0,0.0,0.0,131766.52,1
997,630.0,S1,Female,48.0,137287.82,6.0,2.0,1.0,0.0,132672.58,0
998,606.0,S0,Female,50.0,107086.94,3.0,3.0,0.0,0.0,126101.23,1
999,580.0,S1,Female,45.0,135828.75,6.0,1.0,1.0,0.0,71355.9,1
1000,593.0,S2,Female,47.0,132477.17,4.0,1.0,1.0,0.0,83951.9,0
1001,717.0,S1,Female,39.0,127851.84,7.0,2.0,0.0,0.0,80466.99,1
1002,716.0,S2,Female,48.0,62397.41,6.0,1.0,0.0,0.0,63753.73,1
1003,638.0,S2,Female,31.0,62397.41,6.0,1.0,1.0,0.0,69895.25,1
1004,538.0,S2,Female,51.0,62397.41,5.0,4.0,1.0,1.0,93146.95,1
1005,731.0,S0,Male,47.0,62397.41,5.0,1.0,0.0,1.0,79984.92,1
1006,525.0,S1,Male,40.0,132118.58,4.0,1.0,1.0,1.0,77591.61,1
1007,631.0,S0,Male,40.0,153782.5,2.0,2.0,0.0,1.0,73203.81,1
1008,693.0,S2,Female,40.0,62397.41,3.0,1.0,1.0,0.0,76352.67,1
1009,555.0,S1,Male,43.0,126546.02,2.0,1.0,0.0,1.0,66947.67,1
1010,634.0,S1,Male,56.0,116264.16,6.0,1.0,1.0,1.0,111204.01,1
1011,639.0,S1,Female,52.0,117991.03,6.0,2.0,0.0,1.0,57989.9,1
1012,566.0,S1,Female,52.0,115711.45,3.0,1.0,1.0,1.0,67521.48,1
1013,665.0,S1,Female,48.0,118331.69,5.0,1.0,1.0,1.0,120890.66,1
1014,585.0,S0,Male,60.0,97909.38,6.0,1.0,0.0,0.0,91060.75,1
1015,630.0,S2,Male,45.0,160170.99,4.0,1.0,1.0,0.0,130184.07,1
1016,593.0,S2,Female,47.0,62397.41,3.0,1.0,0.0,0.0,111021.19,1
1017,666.0,S1,Female,54.0,135351.6,6.0,1.0,0.0,1.0,110754.37,1
1018,603.0,S1,Female,55.0,99655.29,3.0,2.0,1.0,1.0,83942.12,1
1019,704.0,S0,Male,51.0,115286.66,4.0,1.0,1.0,1.0,64434.26,1
1020,633.0,S1,Male,44.0,125505.8,6.0,1.0,0.0,0.0,127208.33,1
1021,570.0,S0,Male,45.0,129596.58,6.0,2.0,1.0,0.0,100455.62,1
1022,623.0,S1,Male,34.0,130297.7,4.0,1.0,1.0,1.0,136759.92,1
1023,650.0,S0,Male,44.0,62397.41,5.0,2.0,0.0,1.0,114512.9,1
1024,621.0,S1,Male,42.0,119437.67,5.0,1.0,1.0,0.0,98136.86,1
1025,578.0,S1,Male,52.0,111512.39,5.0,2.0,1.0,0.0,131894.32,1
1026,545.0,S1,Female,44.0,124922.59,6.0,1.0,1.0,0.0,141981.42,1
1027,587.0,S1,Male,42.0,120419.52,6.0,2.0,1.0,0.0,112101.25,1
1028,526.0,S0,Female,44.0,62397.41,5.0,1.0,1.0,0.0,129881.31,1
1029,687.0,S1,Male,55.0,140400.18,5.0,1.0,0.0,1.0,109011.03,1
1030,554.0,S2,Female,39.0,120013.64,6.0,2.0,1.0,0.0,104298.16,1
1031,611.0,S0,Female,55.0,62397.41,2.0,3.0,0.0,0.0,83351.95,1
1032,638.0,S1,Female,41.0,101225.6,5.0,1.0,0.0,0.0,72734.06,1
1033,666.0,S0,Male,39.0,62397.41,4.0,1.0,0.0,1.0,109117.34,1
1034,631.0,S0,Male,47.0,62397.41,3.0,1.0,1.0,0.0,86295.86,1
1035,462.0,S0,Female,48.0,62397.41,5.0,1.0,1.0,0.0,124358.82,1
1036,625.0,S1,Female,43.0,126863.88,6.0,1.0,1.0,0.0,83769.2,1
1037,552.0,S2,Male,39.0,125945.24,6.0,1.0,1.0,0.0,131544.92,1
1038,501.0,S2,Male,52.0,110746.36,4.0,4.0,1.0,0.0,142007.03,1
1039,675.0,S1,Male,52.0,128588.29,5.0,1.0,0.0,1.0,96973.54,1
1040,682.0,S2,Female,46.0,90469.71,4.0,2.0,0.0,1.0,97797.03,1
1041,753.0,S2,Male,50.0,62397.41,6.0,1.0,0.0,0.0,68506.78,1
1042,636.0,S1,Female,52.0,106069.9,4.0,1.0,1.0,0.0,96125.67,0
1043,563.0,S0,Female,37.0,62397.41,5.0,1.0,0.0,1.0,135284.82,1
1044,561.0,S0,Female,42.0,62397.41,7.0,1.0,0.0,0.0,79752.42,1
1045,519.0,S0,Female,55.0,62397.41,7.0,3.0,0.0,1.0,83966.37,1
1046,611.0,S0,Male,42.0,62397.41,5.0,1.0,0.0,1.0,133438.4,1
1047,562.0,S2,Male,42.0,62397.41,5.0,1.0,1.0,1.0,122466.74,1
1048,715.0,S0,Male,55.0,62397.41,4.0,1.0,0.0,1.0,63162.62,1
1049,663.0,S0,Male,42.0,137668.96,3.0,1.0,1.0,0.0,66281.35,1
1050,623.0,S2,Female,55.0,140717.85,3.0,1.0,0.0,1.0,103819.31,1
1051,624.0,S0,Female,49.0,107531.29,5.0,2.0,0.0,1.0,63373.05,1
1052,703.0,S1,Male,49.0,124133.49,4.0,1.0,1.0,1.0,67940.13,1
1053,650.0,S1,Female,42.0,120961.38,3.0,1.0,1.0,1.0,78688.42,1
1054,687.0,S1,Female,46.0,111184.36,5.0,1.0,0.0,1.0,83398.43,1
1055,623.0,S0,Female,58.0,143839.83,5.0,1.0,1.0,1.0,93357.4,1
1056,551.0,S2,Female,39.0,97947.38,5.0,1.0,1.0,1.0,66117.6,1
1057,585.0,S0,Male,44.0,62397.41,6.0,2.0,1.0,0.0,105296.88,1
1058,600.0,S0,Male,43.0,98910.66,4.0,1.0,1.0,0.0,75266.08,1
1059,593.0,S0,Male,42.0,62397.41,4.0,1.0,1.0,0.0,98082.37,1
1060,566.0,S1,Female,47.0,126498.19,3.0,1.0,1.0,0.0,103569.24,0
1061,669.0,S1,Female,50.0,133019.24,5.0,1.0,1.0,0.0,117808.32,0
1062,480.0,S0,Male,43.0,62397.41,7.0,1.0,1.0,0.0,125836.06,1
1063,669.0,S1,Female,59.0,137549.97,4.0,2.0,1.0,0.0,110054.43,0
1064,577.0,S0,Female,41.0,166100.25,5.0,1.0,1.0,1.0,77328.67,1
1065,624.0,S1,Female,48.0,116668.17,5.0,2.0,1.0,0.0,123739.56,0
1066,677.0,S2,Male,46.0,111352.98,3.0,1.0,1.0,1.0,103151.37,1
1067,656.0,S1,Female,46.0,122001.05,7.0,1.0,1.0,1.0,126019.08,1
1068,620.0,S2,Male,37.0,116996.91,6.0,1.0,1.0,1.0,133769.99,1
1069,712.0,S2,Male,42.0,62397.41,3.0,3.0,1.0,1.0,91580.22,1
1070,593.0,S0,Male,42.0,105192.67,5.0,2.0,1.0,0.0,94261.62,1
1071,555.0,S2,Female,40.0,62397.41,6.0,1.0,1.0,0.0,99164.88,1
1072,650.0,S2,Female,57.0,62397.41,4.0,1.0,1.0,0.0,132304.32,0
1073,489.0,S1,Female,39.0,130525.81,3.0,1.0,0.0,0.0,121018.49,1
1074,592.0,S1,Female,37.0,117758.87,2.0,1.0,1.0,0.0,59977.36,1
1075,700.0,S1,Male,39.0,117061.14,5.0,2.0,1.0,0.0,128178.6,1
1076,622.0,S1,Male,44.0,139954.61,6.0,1.0,1.0,1.0,110764.14,1
1077,650.0,S0,Female,48.0,62397.41,3.0,1.0,1.0,1.0,106136.99,0
1078,549.0,S2,Male,51.0,62397.41,4.0,1.0,0.0,0.0,103022.74,1
1079,544.0,S1,Male,37.0,119538.17,2.0,1.0,1.0,0.0,71579.11,1
1080,684.0,S1,Male,46.0,123289.34,6.0,2.0,1.0,0.0,84777.74,1
1081,592.0,S1,Female,47.0,130239.75,6.0,1.0,1.0,1.0,109904.01,1
1082,723.0,S0,Female,43.0,122783.67,5.0,2.0,0.0,1.0,82793.87,1
1083,483.0,S0,Male,39.0,125620.26,5.0,1.0,0.0,0.0,85698.31,1
1084,664.0,S2,Female,44.0,164786.18,5.0,1.0,1.0,0.0,133979.32,1
1085,695.0,S1,Male,44.0,137311.02,5.0,1.0,0.0,1.0,78938.6,1
1086,598.0,S0,Female,46.0,62397.41,5.0,3.0,1.0,1.0,100308.21,1
1087,682.0,S0,Male,44.0,99658.64,5.0,1.0,1.0,1.0,62523.09,1
1088,584.0,S2,Male,41.0,101584.46,4.0,1.0,1.0,0.0,128493.9,1
1089,694.0,S1,Male,62.0,130845.74,3.0,1.0,1.0,1.0,109147.8,1
1090,753.0,S1,Male,55.0,147711.94,3.0,1.0,0.0,0.0,123728.66,1
1091,592.0,S2,Female,31.0,96161.67,6.0,1.0,1.0,1.0,126993.28,1
1092,579.0,S0,Female,45.0,62397.41,5.0,1.0,1.0,0.0,134286.67,1
1093,594.0,S0,Female,55.0,127174.72,6.0,1.0,1.0,1.0,140888.61,1
1094,655.0,S0,Female,37.0,82961.87,5.0,1.0,1.0,0.0,111137.86,1
1095,566.0,S2,Female,47.0,62397.41,3.0,1.0,0.0,0.0,141546.21,1
1096,636.0,S1,Male,63.0,121409.36,5.0,1.0,1.0,1.0,76665.16,1
1097,717.0,S1,Female,45.0,119522.48,7.0,2.0,0.0,1.0,116972.12,1
1098,614.0,S0,Female,66.0,147967.37,4.0,3.0,1.0,1.0,88819.2,1
1099,560.0,S1,Female,47.0,123664.68,4.0,1.0,0.0,0.0,113174.26,0
1100,711.0,S0,Female,34.0,156163.14,5.0,1.0,1.0,1.0,131894.47,1
1101,713.0,S0,Female,42.0,62397.41,3.0,1.0,1.0,0.0,114855.64,1
1102,604.0,S2,Female,35.0,62397.41,4.0,2.0,1.0,0.0,62147.75,1
1103,554.0,S0,Male,52.0,109436.68,6.0,1.0,0.0,1.0,66535.96,1
1104,600.0,S0,Female,46.0,62397.41,6.0,3.0,0.0,1.0,104638.79,1
1105,718.0,S0,Female,60.0,124560.57,6.0,3.0,1.0,0.0,131263.72,1
1106,504.0,S2,Male,60.0,94624.29,3.0,1.0,1.0,1.0,90047.01,1
1107,741.0,S1,Male,47.0,118237.6,4.0,1.0,1.0,1.0,69473.88,1
1108,647.0,S1,Male,39.0,126092.57,4.0,1.0,1.0,1.0,68608.2,1
1109,644.0,S1,Male,44.0,114156.15,7.0,1.0,1.0,0.0,58063.42,1
1110,591.0,S1,Male,48.0,116160.81,6.0,1.0,1.0,1.0,91235.43,1
1111,701.0,S1,Female,60.0,134131.81,5.0,1.0,0.0,1.0,60020.83,1
1112,639.0,S1,Female,47.0,140526.57,5.0,2.0,1.0,0.0,79554.44,1
1113,588.0,S1,Male,43.0,123476.04,3.0,1.0,0.0,0.0,126194.92,1
1114,642.0,S1,Male,46.0,118527.55,6.0,1.0,1.0,0.0,133490.17,1
1115,603.0,S0,Female,61.0,127513.08,3.0,1.0,1.0,1.0,63295.74,0
1116,533.0,S0,Female,49.0,126356.22,5.0,1.0,1.0,1.0,96663.66,1
1117,642.0,S1,Male,44.0,145302.01,3.0,3.0,0.0,0.0,132725.75,1
1118,618.0,S1,Male,36.0,128417.12,5.0,1.0,0.0,1.0,61478.49,1
1119,652.0,S2,Female,37.0,62397.41,3.0,3.0,1.0,1.0,130834.55,1
1120,647.0,S2,Male,55.0,124700.62,5.0,1.0,1.0,1.0,83258.52,1
1121,615.0,S0,Female,47.0,62397.41,4.0,1.0,1.0,1.0,135889.18,1
1122,541.0,S0,Female,41.0,102581.84,3.0,1.0,0.0,1.0,131491.66,1
1123,707.0,S0,Female,37.0,62397.41,5.0,1.0,1.0,0.0,139885.42,1
1124,630.0,S1,Female,51.0,140499.26,5.0,1.0,1.0,1.0,94627.54,1
1125,593.0,S2,Female,52.0,140282.98,4.0,3.0,0.0,1.0,139057.69,1
1126,593.0,S1,Male,55.0,122690.95,5.0,1.0,1.0,0.0,85198.39,1
1127,682.0,S0,Female,42.0,62397.41,3.0,3.0,0.0,0.0,96695.96,1
1128,716.0,S0,Female,49.0,137103.09,7.0,1.0,0.0,1.0,64365.56,1
1129,740.0,S0,Female,31.0,137852.09,5.0,1.0,1.0,0.0,122138.71,1
1130,600.0,S0,Male,48.0,112550.64,3.0,1.0,1.0,1.0,71402.58,1
1131,601.0,S2,Male,56.0,115171.63,5.0,2.0,1.0,1.0,94653.38,1
1132,701.0,S1,Male,34.0,125869.57,5.0,1.0,1.0,0.0,132974.78,1
1133,720.0,S0,Female,55.0,62397.41,7.0,4.0,1.0,1.0,78512.27,1
1134,697.0,S0,Female,48.0,62397.41,3.0,1.0,1.0,1.0,116306.58,0
1135,650.0,S0,Male,35.0,163283.29,7.0,1.0,0.0,1.0,92724.78,1
1136,688.0,S2,Female,54.0,62397.41,6.0,1.0,1.0,0.0,131402.08,1
1137,503.0,S0,Female,40.0,116833.83,6.0,1.0,1.0,0.0,112334.78,1
1138,728.0,S1,Male,51.0,121754.67,7.0,1.0,1.0,1.0,100307.06,1
1139,631.0,S1,Female,57.0,120877.4,4.0,2.0,0.0,1.0,139724.95,0
1140,657.0,S0,Female,40.0,124796.68,5.0,1.0,1.0,0.0,95202.66,1
1141,692.0,S2,Male,31.0,123555.61,4.0,1.0,1.0,0.0,112170.01,1
1142,556.0,S0,Male,48.0,62397.41,6.0,1.0,0.0,0.0,111264.5,1
1143,699.0,S1,Female,39.0,111950.93,6.0,1.0,0.0,1.0,138997.37,1
1144,611.0,S0,Female,45.0,62397.41,3.0,1.0,1.0,1.0,100574.23,1
1145,677.0,S2,Female,49.0,112611.01,5.0,1.0,1.0,0.0,84844.25,0
1146,649.0,S1,Male,37.0,116829.94,4.0,2.0,0.0,1.0,76373.5,1
1147,686.0,S2,Male,46.0,62397.41,2.0,2.0,1.0,1.0,58757.95,1
1148,587.0,S2,Female,40.0,127480.24,3.0,2.0,0.0,1.0,61166.88,1
1149,623.0,S1,Female,44.0,134936.79,6.0,1.0,1.0,0.0,88946.76,1
1150,548.0,S0,Male,34.0,62397.41,6.0,1.0,1.0,0.0,118133.62,1
1151,525.0,S0,Female,42.0,148802.62,4.0,1.0,1.0,0.0,79532.74,1
1152,628.0,S0,Male,51.0,114733.55,2.0,2.0,1.0,0.0,134750.91,1
1153,580.0,S2,Female,52.0,62397.41,4.0,3.0,1.0,0.0,89416.26,1
1154,673.0,S1,Male,48.0,111171.75,4.0,1.0,1.0,1.0,114240.33,1
1155,567.0,S1,Male,55.0,118369.17,4.0,3.0,1.0,0.0,64706.42,1
1156,606.0,S2,Female,47.0,62397.41,4.0,1.0,1.0,0.0,73778.69,1
1157,647.0,S2,Female,44.0,119591.24,4.0,1.0,1.0,0.0,64577.47,0
1158,650.0,S0,Female,57.0,62397.41,3.0,1.0,1.0,1.0,57817.3,0
1159,704.0,S2,Male,55.0,94125.72,6.0,2.0,1.0,0.0,136202.34,1
1160,642.0,S1,Female,45.0,114604.96,3.0,1.0,1.0,0.0,120653.29,0
1161,722.0,S1,Male,37.0,140093.96,6.0,1.0,0.0,1.0,95160.07,1
1162,753.0,S2,Female,53.0,95271.54,5.0,2.0,0.0,0.0,135107.25,1
1163,660.0,S1,Female,54.0,118191.53,4.0,1.0,1.0,1.0,123752.19,1
1164,637.0,S2,Male,45.0,152274.15,3.0,1.0,0.0,0.0,69989.85,1
1165,670.0,S1,Female,39.0,113802.86,6.0,1.0,0.0,0.0,133076.06,1
1166,603.0,S2,Male,40.0,62397.41,5.0,1.0,1.0,0.0,102905.83,1
1167,678.0,S1,Male,47.0,117143.6,4.0,2.0,1.0,0.0,93331.35,1
1168,574.0,S0,Female,44.0,62397.41,5.0,1.0,1.0,1.0,118517.95,1
1169,580.0,S1,Female,35.0,112674.51,4.0,1.0,1.0,0.0,59708.99,1
1170,665.0,S2,Female,53.0,62397.41,4.0,3.0,0.0,0.0,95106.59,1
1171,624.0,S0,Female,62.0,120718.86,6.0,1.0,0.0,1.0,135957.96,0
1172,646.0,S0,Female,42.0,96607.79,5.0,1.0,0.0,0.0,116475.19,1
1173,596.0,S1,Female,32.0,115047.48,4.0,2.0,1.0,0.0,81629.6,1
1174,717.0,S1,Male,40.0,127650.23,5.0,1.0,1.0,1.0,134803.33,1
1175,609.0,S2,Male,59.0,62397.41,6.0,2.0,1.0,0.0,121339.97,1
1176,630.0,S0,Female,55.0,141293.86,6.0,1.0,1.0,0.0,95500.1,1
1177,695.0,S1,Male,46.0,145352.03,5.0,3.0,1.0,0.0,64709.45,1
1178,599.0,S1,Male,48.0,124441.66,6.0,1.0,1.0,1.0,70843.57,1
1179,599.0,S0,Female,46.0,62397.41,4.0,1.0,1.0,0.0,129887.44,0
1180,583.0,S2,Male,51.0,142464.84,2.0,1.0,0.0,1.0,123756.21,1
1181,623.0,S0,Male,41.0,157116.41,5.0,1.0,0.0,0.0,77497.98,1
1182,566.0,S0,Female,49.0,62397.41,6.0,1.0,1.0,1.0,85729.94,1
1183,498.0,S0,Male,54.0,62397.41,4.0,1.0,1.0,0.0,124179.02,1
1184,523.0,S0,Female,47.0,129879.53,2.0,1.0,1.0,0.0,69337.48,1
1185,679.0,S2,Female,43.0,132810.01,5.0,1.0,1.0,0.0,130780.85,1
1186,597.0,S0,Male,39.0,62397.41,6.0,1.0,1.0,0.0,109003.23,1
1187,682.0,S0,Female,53.0,124643.02,6.0,2.0,0.0,1.0,129933.25,1
1188,721.0,S2,Female,57.0,62397.41,6.0,2.0,0.0,0.0,108103.53,1
1189,680.0,S1,Female,30.0,128898.45,6.0,1.0,1.0,0.0,102832.07,1
1190,559.0,S0,Male,60.0,62397.41,3.0,2.0,0.0,0.0,75684.64,1
1191,545.0,S2,Female,62.0,62397.41,4.0,1.0,1.0,0.0,58215.21,1
1192,678.0,S1,Female,40.0,125668.13,6.0,2.0,1.0,0.0,80611.05,1
1193,706.0,S0,Male,58.0,105567.15,5.0,1.0,1.0,0.0,89012.88,1
1194,489.0,S2,Female,55.0,108583.68,4.0,1.0,1.0,0.0,119063.86,1
1195,573.0,S0,Female,59.0,121413.26,3.0,1.0,1.0,1.0,97517.48,0
1196,617.0,S0,Male,57.0,119522.69,6.0,1.0,1.0,1.0,107159.21,1
1197,626.0,S0,Female,48.0,110366.91,6.0,1.0,1.0,0.0,103723.21,1
1198,635.0,S0,Female,40.0,125925.83,5.0,1.0,0.0,0.0,123945.83,1
1199,583.0,S0,Female,34.0,127288.58,4.0,1.0,0.0,0.0,121164.44,1
1200,496.0,S0,Male,45.0,139097.05,6.0,1.0,1.0,0.0,104362.25,1
1201,674.0,S0,Female,50.0,122764.88,3.0,1.0,0.0,1.0,135442.08,0
1202,577.0,S1,Female,39.0,120580.02,3.0,1.0,0.0,1.0,105248.03,1
1203,588.0,S2,Female,32.0,142414.4,7.0,1.0,1.0,1.0,101070.84,1
1204,642.0,S0,Female,40.0,62397.41,5.0,1.0,1.0,1.0,78380.3,1
1205,617.0,S0,Male,47.0,62397.41,5.0,4.0,0.0,0.0,107466.71,1
1206,702.0,S2,Male,49.0,62397.41,3.0,1.0,1.0,0.0,77977.96,1
1207,742.0,S0,Male,59.0,62397.41,3.0,1.0,0.0,1.0,111813.7,1
1208,494.0,S1,Female,44.0,127358.48,4.0,2.0,1.0,0.0,88477.99,1
1209,687.0,S1,Female,44.0,109042.26,4.0,1.0,0.0,1.0,88846.54,1
1210,628.0,S2,Male,33.0,154312.71,5.0,2.0,1.0,1.0,75588.83,1
1211,713.0,S1,Female,38.0,124968.54,4.0,2.0,0.0,1.0,79856.86,1
1212,592.0,S0,Female,41.0,62397.41,3.0,2.0,1.0,0.0,96830.16,1
1213,688.0,S2,Female,48.0,62397.41,3.0,3.0,1.0,1.0,132897.22,1
1214,612.0,S1,Male,48.0,133304.46,5.0,1.0,0.0,0.0,72208.47,1
1215,743.0,S1,Female,56.0,118830.99,6.0,3.0,1.0,0.0,117090.42,1
1216,611.0,S0,Female,42.0,110975.86,5.0,1.0,1.0,0.0,99443.1,1
1217,652.0,S0,Male,58.0,62397.41,6.0,3.0,1.0,1.0,89484.76,1
1218,683.0,S0,Female,45.0,121343.34,5.0,3.0,0.0,0.0,75326.9,1
1219,594.0,S2,Female,44.0,105810.78,3.0,1.0,0.0,1.0,115621.33,1
1220,716.0,S1,Male,51.0,123433.35,6.0,1.0,1.0,1.0,132489.45,1
1221,736.0,S0,Male,42.0,126876.78,5.0,3.0,1.0,0.0,61404.42,1
1222,604.0,S2,Female,44.0,107513.39,4.0,1.0,0.0,0.0,142189.81,1
1223,748.0,S0,Female,42.0,128965.81,4.0,2.0,1.0,0.0,94508.49,1
1224,535.0,S1,Female,39.0,121283.07,6.0,1.0,1.0,1.0,106828.03,1
1225,568.0,S1,Male,41.0,132472.14,5.0,1.0,0.0,0.0,93196.67,1
1226,586.0,S0,Male,47.0,137085.35,3.0,1.0,1.0,0.0,118438.01,1
1227,687.0,S1,Male,62.0,128709.19,3.0,1.0,1.0,1.0,98471.6,1
1228,710.0,S0,Female,42.0,62397.41,4.0,2.0,0.0,0.0,134904.68,1
1229,603.0,S2,Female,33.0,136475.09,4.0,3.0,1.0,0.0,76839.75,1
1230,607.0,S1,Male,57.0,108343.66,6.0,1.0,0.0,0.0,69397.81,1
1231,753.0,S2,Male,49.0,62397.41,3.0,1.0,1.0,0.0,129495.82,1
1232,537.0,S1,Female,44.0,106396.2,4.0,2.0,1.0,1.0,62860.46,1
1233,536.0,S2,Female,47.0,152543.23,2.0,2.0,1.0,0.0,58757.35,1
1234,560.0,S1,Male,49.0,130019.6,5.0,1.0,1.0,1.0,82244.41,1
1235,687.0,S2,Male,46.0,143722.92,3.0,2.0,0.0,1.0,97124.52,1
1236,693.0,S0,Female,41.0,126992.02,5.0,1.0,1.0,1.0,76451.36,1
1237,666.0,S0,Female,52.0,97958.99,6.0,1.0,1.0,1.0,96993.32,1
1238,672.0,S2,Male,47.0,62397.41,4.0,1.0,0.0,0.0,93617.05,1
1239,664.0,S1,Female,61.0,139532.22,4.0,3.0,0.0,0.0,119787.53,1
1240,622.0,S1,Male,37.0,123808.78,3.0,1.0,1.0,0.0,101091.5,1
1241,704.0,S0,Female,64.0,154653.66,3.0,1.0,0.0,0.0,125303.49,1
1242,708.0,S1,Female,48.0,116358.76,2.0,1.0,1.0,0.0,57724.18,0
1243,634.0,S2,Male,45.0,83242.21,5.0,1.0,1.0,0.0,105515.42,1
1244,576.0,S1,Female,43.0,128020.37,5.0,1.0,1.0,0.0,61703.83,1
1245,706.0,S1,Male,49.0,121745.04,3.0,4.0,1.0,1.0,118272.48,1
1246,671.0,S1,Male,62.0,123419.95,5.0,1.0,0.0,0.0,61795.46,1
1247,630.0,S2,Female,33.0,105925.99,4.0,3.0,1.0,0.0,64590.45,1
1248,622.0,S2,Female,47.0,141773.94,3.0,1.0,1.0,1.0,119176.11,1
1249,546.0,S0,Male,47.0,94344.16,3.0,2.0,0.0,1.0,79876.38,1
1250,593.0,S2,Male,36.0,62397.41,7.0,1.0,1.0,1.0,79569.64,1
